011002,北海道札幌市,さっぽろし,sapporoshi,sapporosi
012025,北海道函館市,はこだてし,hakodateshi,hakodatesi
012033,北海道小樽市,おたるし,otarushi,otarusi
012041,北海道旭川市,あさひかわし,asahikawashi,asahikawasi
012050,北海道室蘭市,むろらんし,muroranshi,muroransi
012068,北海道釧路市,くしろし,kushiroshi,kusirosi
012076,北海道帯広市,おびひろし,obihiroshi,obihirosi
012084,北海道北見市,きたみし,kitamishi,kitamisi
012092,北海道夕張市,ゆうばりし,yuubarishi,yuubarisi
012106,北海道岩見沢市,いわみざわし,iwamizawashi,iwamizawasi
012114,北海道網走市,あばしりし,abashirishi,abasirisi
012122,北海道留萌市,るもいし,rumoishi,rumoisi
012131,北海道苫小牧市,とまこまいし,tomakomaishi,tomakomaisi
012149,北海道稚内市,わっかないし,wakkanaishi,wakkanaisi
012157,北海道美唄市,びばいし,bibaishi,bibaisi
012165,北海道芦別市,あしべつし,ashibetsushi,asibetusi
012173,北海道江別市,えべつし,ebetsushi,ebetusi
012181,北海道赤平市,あかびらし,akabirashi,akabirasi
012190,北海道紋別市,もんべつし,monbetsushi,monbetusi
012203,北海道士別市,しべつし,shibetsushi,sibetusi
012211,北海道名寄市,なよろし,nayoroshi,nayorosi
012220,北海道三笠市,みかさし,mikasashi,mikasasi
012238,北海道根室市,ねむろし,nemuroshi,nemurosi
012246,北海道千歳市,ちとせし,chitoseshi,titosesi
012254,北海道滝川市,たきかわし,takikawashi,takikawasi
012262,北海道砂川市,すながわし,sunagawashi,sunagawasi
012271,北海道歌志内市,うたしないし,utashinaishi,utasinaisi
012289,北海道深川市,ふかがわし,fukagawashi,fukagawasi
012297,北海道富良野市,ふらのし,furanoshi,furanosi
012301,北海道登別市,のぼりべつし,noboribetsushi,noboribetusi
012319,北海道恵庭市,えにわし,eniwashi,eniwasi
012335,北海道伊達市,だてし,dateshi,datesi
012343,北海道北広島市,きたひろしまし,kitahiroshimashi,kitahirosimasi
012351,北海道石狩市,いしかりし,ishikarishi,isikarisi
012360,北海道北斗市,ほくとし,hokutoshi,hokutosi
013030,北海道当別町,とうべつちょう,toubetsuchou,toubetutyou
013048,北海道新篠津村,しんしのつむら,shinshinotsumura,sinsinotumura
013315,北海道松前町,まつまえちょう,matsumaechou,matumaetyou
013323,北海道福島町,ふくしまちょう,fukushimachou,fukusimatyou
013331,北海道知内町,しりうちちょう,shiriuchichou,siriutityou
013340,北海道木古内町,きこないちょう,kikonaichou,kikonaityou
013374,北海道七飯町,ななえちょう,nanaechou,nanaetyou
013439,北海道鹿部町,しかべちょう,shikabechou,sikabetyou
013455,北海道森町,もりまち,morimachi,morimati
013463,北海道八雲町,やくもちょう,yakumochou,yakumotyou
013471,北海道長万部町,おしゃまんべちょう,oshamanbechou,osyamanbetyou
013617,北海道江差町,えさしちょう,esashichou,esasityou
013625,北海道上ノ国町,かみのくにちょう,kaminokunichou,kaminokunityou
013633,北海道厚沢部町,あっさぶちょう,assabuchou,assabutyou
013641,北海道乙部町,おとべちょう,otobechou,otobetyou
013676,北海道奥尻町,おくしりちょう,okushirichou,okusirityou
013706,北海道今金町,いまかねちょう,imakanechou,imakanetyou
013714,北海道せたな町,せたなちょう,setanachou,setanatyou
013919,北海道島牧村,しままきむら,shimamakimura,simamakimura
013927,北海道寿都町,すっつちょう,suttsuchou,suttutyou
013935,北海道黒松内町,くろまつないちょう,kuromatsunaichou,kuromatunaityou
013943,北海道蘭越町,らんこしちょう,rankoshichou,rankosityou
013951,北海道ニセコ町,にせこちょう,nisekochou,nisekotyou
013960,北海道真狩村,まっかりむら,makkarimura,makkarimura
013978,北海道留寿都村,るすつむら,rusutsumura,rusutumura
013986,北海道喜茂別町,きもべつちょう,kimobetsuchou,kimobetutyou
013994,北海道京極町,きょうごくちょう,kiyougokuchou,kyougokutyou
014001,北海道倶知安町,くっちゃんちょう,kutchanchou,kuttyantyou
014010,北海道共和町,きょうわちょう,kiyouwachou,kyouwatyou
014028,北海道岩内町,いわないちょう,iwanaichou,iwanaityou
014036,北海道泊村,とまりむら,tomarimura,tomarimura
014044,北海道神恵内村,かもえないむら,kamoenaimura,kamoenaimura
014052,北海道積丹町,しゃこたんちょう,shakotanchou,syakotantyou
014061,北海道古平町,ふるびらちょう,furubirachou,furubiratyou
014079,北海道仁木町,にきちょう,nikichou,nikityou
014087,北海道余市町,よいちちょう,yoichichou,yoitityou
014095,北海道赤井川村,あかいがわむら,akaigawamura,akaigawamura
014231,北海道南幌町,なんぽろちょう,nanporochou,nanporotyou
014249,北海道奈井江町,ないえちょう,naiechou,naietyou
014257,北海道上砂川町,かみすながわちょう,kamisunagawachou,kamisunagawatyou
014273,北海道由仁町,ゆにちょう,yunichou,yunityou
014281,北海道長沼町,ながぬまちょう,naganumachou,naganumatyou
014290,北海道栗山町,くりやまちょう,kuriyamachou,kuriyamatyou
014303,北海道月形町,つきがたちょう,tsukigatachou,tukigatatyou
014311,北海道浦臼町,うらうすちょう,urausuchou,urausutyou
014320,北海道新十津川町,しんとつかわちょう,shintotsukawachou,sintotukawatyou
014338,北海道妹背牛町,もせうしちょう,moseushichou,moseusityou
014346,北海道秩父別町,ちっぷべつちょう,chippubetsuchou,tippubetutyou
014362,北海道雨竜町,うりゅうちょう,uryuuchou,uryuutyou
014371,北海道北竜町,ほくりゅうちょう,hokuryuuchou,hokuryuutyou
014389,北海道沼田町,ぬまたちょう,numatachou,numatatyou
014524,北海道鷹栖町,たかすちょう,takasuchou,takasutyou
014532,北海道東神楽町,ひがしかぐらちょう,higashikagurachou,higasikaguratyou
014541,北海道当麻町,とうまちょう,toumachou,toumatyou
014559,北海道比布町,ぴっぷちょう,pippuchou,pipputyou
014567,北海道愛別町,あいべつちょう,aibetsuchou,aibetutyou
014575,北海道上川町,かみかわちょう,kamikawachou,kamikawatyou
014583,北海道東川町,ひがしかわちょう,higashikawachou,higasikawatyou
014591,北海道美瑛町,びえいちょう,bieichou,bieityou
014605,北海道上富良野町,かみふらのちょう,kamifuranochou,kamifuranotyou
014613,北海道中富良野町,なかふらのちょう,nakafuranochou,nakafuranotyou
014621,北海道南富良野町,みなみふらのちょう,minamifuranochou,minamifuranotyou
014630,北海道占冠村,しむかっぷむら,shimukappumura,simukappumura
014648,北海道和寒町,わっさむちょう,wassamuchou,wassamutyou
014656,北海道剣淵町,けんぶちちょう,kenbuchichou,kenbutityou
014681,北海道下川町,しもかわちょう,shimokawachou,simokawatyou
014699,北海道美深町,びふかちょう,bifukachou,bifukatyou
014702,北海道音威子府村,おといねっぷむら,otoineppumura,otoineppumura
014711,北海道中川町,なかがわちょう,nakagawachou,nakagawatyou
014729,北海道幌加内町,ほろかないちょう,horokanaichou,horokanaityou
014818,北海道増毛町,ましけちょう,mashikechou,masiketyou
014826,北海道小平町,おびらちょう,obirachou,obiratyou
014834,北海道苫前町,とままえちょう,tomamaechou,tomamaetyou
014842,北海道羽幌町,はぼろちょう,haborochou,haborotyou
014851,北海道初山別村,しょさんべつむら,shosanbetsumura,syosanbetumura
014869,北海道遠別町,えんべつちょう,enbetsuchou,enbetutyou
014877,北海道天塩町,てしおちょう,teshiochou,tesiotyou
015113,北海道猿払村,さるふつむら,sarufutsumura,sarufutumura
015121,北海道浜頓別町,はまとんべつちょう,hamatonbetsuchou,hamatonbetutyou
015130,北海道中頓別町,なかとんべつちょう,nakatonbetsuchou,nakatonbetutyou
015148,北海道枝幸町,えさしちょう,esashichou,esasityou
015164,北海道豊富町,とよとみちょう,toyotomichou,toyotomityou
015172,北海道礼文町,れぶんちょう,rebunchou,rebuntyou
015181,北海道利尻町,りしりちょう,rishirichou,risirityou
015199,北海道利尻富士町,りしりふじちょう,rishirifujichou,risirifuzityou
015202,北海道幌延町,ほろのべちょう,horonobechou,horonobetyou
015431,北海道美幌町,びほろちょう,bihorochou,bihorotyou
015440,北海道津別町,つべつちょう,tsubetsuchou,tubetutyou
015458,北海道斜里町,しゃりちょう,sharichou,syarityou
015466,北海道清里町,きよさとちょう,kiyosatochou,kiyosatotyou
015474,北海道小清水町,こしみずちょう,koshimizuchou,kosimizutyou
015491,北海道訓子府町,くんねっぷちょう,kunneppuchou,kunnepputyou
015504,北海道置戸町,おけとちょう,oketochou,oketotyou
015521,北海道佐呂間町,さろまちょう,saromachou,saromatyou
015555,北海道遠軽町,えんがるちょう,engaruchou,engarutyou
015598,北海道湧別町,ゆうべつちょう,yuubetsuchou,yuubetutyou
015601,北海道滝上町,たきのうえちょう,takinouechou,takinouetyou
015610,北海道興部町,おこっぺちょう,okoppechou,okoppetyou
015628,北海道西興部村,にしおこっぺむら,nishiokoppemura,nisiokoppemura
015636,北海道雄武町,おうむちょう,oumuchou,oumutyou
015644,北海道大空町,おおぞらちょう,oozorachou,oozoratyou
015717,北海道豊浦町,とようらちょう,toyourachou,toyouratyou
015750,北海道壮瞥町,そうべつちょう,soubetsuchou,soubetutyou
015784,北海道白老町,しらおいちょう,shiraoichou,siraoityou
015814,北海道厚真町,あつまちょう,atsumachou,atumatyou
015849,北海道洞爺湖町,とうやこちょう,touyakochou,touyakotyou
015857,北海道安平町,あびらちょう,abirachou,abiratyou
015865,北海道むかわ町,むかわちょう,mukawachou,mukawatyou
016012,北海道日高町,ひだかちょう,hidakachou,hidakatyou
016021,北海道平取町,びらとりちょう,biratorichou,biratorityou
016047,北海道新冠町,にいかっぷちょう,niikappuchou,niikapputyou
016071,北海道浦河町,うらかわちょう,urakawachou,urakawatyou
016080,北海道様似町,さまにちょう,samanichou,samanityou
016098,北海道えりも町,えりもちょう,erimochou,erimotyou
016101,北海道新ひだか町,しんひだかちょう,shinhidakachou,sinhidakatyou
016314,北海道音更町,おとふけちょう,otofukechou,otofuketyou
016322,北海道士幌町,しほろちょう,shihorochou,sihorotyou
016331,北海道上士幌町,かみしほろちょう,kamishihorochou,kamisihorotyou
016349,北海道鹿追町,しかおいちょう,shikaoichou,sikaoityou
016357,北海道新得町,しんとくちょう,shintokuchou,sintokutyou
016365,北海道清水町,しみずちょう,shimizuchou,simizutyou
016373,北海道芽室町,めむろちょう,memurochou,memurotyou
016381,北海道中札内村,なかさつないむら,nakasatsunaimura,nakasatunaimura
016390,北海道更別村,さらべつむら,sarabetsumura,sarabetumura
016411,北海道大樹町,たいきちょう,taikichou,taikityou
016420,北海道広尾町,ひろおちょう,hiroochou,hirootyou
016438,北海道幕別町,まくべつちょう,makubetsuchou,makubetutyou
016446,北海道池田町,いけだちょう,ikedachou,ikedatyou
016454,北海道豊頃町,とよころちょう,toyokorochou,toyokorotyou
016462,北海道本別町,ほんべつちょう,honbetsuchou,honbetutyou
016471,北海道足寄町,あしょろちょう,ashorochou,asyorotyou
016489,北海道陸別町,りくべつちょう,rikubetsuchou,rikubetutyou
016497,北海道浦幌町,うらほろちょう,urahorochou,urahorotyou
016616,北海道釧路町,くしろちょう,kushirochou,kusirotyou
016624,北海道厚岸町,あっけしちょう,akkeshichou,akkesityou
016632,北海道浜中町,はまなかちょう,hamanakachou,hamanakatyou
016641,北海道標茶町,しべちゃちょう,shibechachou,sibetyatyou
016659,北海道弟子屈町,てしかがちょう,teshikagachou,tesikagatyou
016675,北海道鶴居村,つるいむら,tsuruimura,turuimura
016683,北海道白糠町,しらぬかちょう,shiranukachou,siranukatyou
016918,北海道別海町,べつかいちょう,betsukaichou,betukaityou
016926,北海道中標津町,なかしべつちょう,nakashibetsuchou,nakasibetutyou
016934,北海道標津町,しべつちょう,shibetsuchou,sibetutyou
016942,北海道羅臼町,らうすちょう,rausuchou,rausutyou
022012,青森県青森市,あおもりし,aomorishi,aomorisi
022021,青森県弘前市,ひろさきし,hirosakishi,hirosakisi
022039,青森県八戸市,はちのへし,hachinoheshi,hatinohesi
022047,青森県黒石市,くろいしし,kuroishishi,kuroisisi
022055,青森県五所川原市,ごしょがわらし,goshogawarashi,gosyogawarasi
022063,青森県十和田市,とわだし,towadashi,towadasi
022071,青森県三沢市,みさわし,misawashi,misawasi
022080,青森県むつ市,むつし,mutsushi,mutusi
022098,青森県つがる市,つがるし,tsugarushi,tugarusi
022101,青森県平川市,ひらかわし,hirakawashi,hirakawasi
023019,青森県平内町,ひらないまち,hiranaimachi,hiranaimati
023035,青森県今別町,いまべつまち,imabetsumachi,imabetumati
023043,青森県蓬田村,よもぎたむら,yomogitamura,yomogitamura
023078,青森県外ヶ浜町,そとがはままち,sotogahamamachi,sotogahamamati
023213,青森県鰺ヶ沢町,あじがさわまち,ajigasawamachi,azigasawamati
023230,青森県深浦町,ふかうらまち,fukauramachi,fukauramati
023434,青森県西目屋村,にしめやむら,nishimeyamura,nisimeyamura
023612,青森県藤崎町,ふじさきまち,fujisakimachi,fuzisakimati
023621,青森県大鰐町,おおわにまち,oowanimachi,oowanimati
023671,青森県田舎館村,いなかだてむら,inakadatemura,inakadatemura
023817,青森県板柳町,いたやなぎまち,itayanagimachi,itayanagimati
023841,青森県鶴田町,つるたまち,tsurutamachi,turutamati
023876,青森県中泊町,なかどまりまち,nakadomarimachi,nakadomarimati
024015,青森県野辺地町,のへじまち,nohejimachi,nohezimati
024023,青森県七戸町,しちのへまち,shichinohemachi,sitinohemati
024058,青森県六戸町,ろくのへまち,rokunohemachi,rokunohemati
024066,青森県横浜町,よこはままち,yokohamamachi,yokohamamati
024082,青森県東北町,とうほくまち,touhokumachi,touhokumati
024112,青森県六ヶ所村,ろっかしょむら,rokkashomura,rokkasyomura
024121,青森県おいらせ町,おいらせちょう,oirasechou,oirasetyou
024236,青森県大間町,おおままち,oomamachi,oomamati
024244,青森県東通村,ひがしどおりむら,higashidoorimura,higasidoorimura
024252,青森県風間浦村,かざまうらむら,kazamauramura,kazamauramura
024261,青森県佐井村,さいむら,saimura,saimura
024414,青森県三戸町,さんのへまち,sannohemachi,sannohemati
024422,青森県五戸町,ごのへまち,gonohemachi,gonohemati
024431,青森県田子町,たっこまち,takkomachi,takkomati
024457,青森県南部町,なんぶちょう,nanbuchou,nanbutyou
024465,青森県階上町,はしかみちょう,hashikamichou,hasikamityou
024503,青森県新郷村,しんごうむら,shingoumura,singoumura
032018,岩手県盛岡市,もりおかし,moriokashi,moriokasi
032026,岩手県宮古市,みやこし,miyakoshi,miyakosi
032034,岩手県大船渡市,おおふなとし,oofunatoshi,oofunatosi
032051,岩手県花巻市,はなまきし,hanamakishi,hanamakisi
032069,岩手県北上市,きたかみし,kitakamishi,kitakamisi
032077,岩手県久慈市,くじし,kujishi,kuzisi
032085,岩手県遠野市,とおのし,toonoshi,toonosi
032093,岩手県一関市,いちのせきし,ichinosekishi,itinosekisi
032107,岩手県陸前高田市,りくぜんたかたし,rikuzentakatashi,rikuzentakatasi
032115,岩手県釜石市,かまいしし,kamaishishi,kamaisisi
032131,岩手県二戸市,にのへし,ninoheshi,ninohesi
032140,岩手県八幡平市,はちまんたいし,hachimantaishi,hatimantaisi
032158,岩手県奥州市,おうしゅうし,oushuushi,ousyuusi
032166,岩手県滝沢市,たきざわし,takizawashi,takizawasi
033014,岩手県雫石町,しずくいしちょう,shizukuishichou,sizukuisityou
033022,岩手県葛巻町,くずまきまち,kuzumakimachi,kuzumakimati
033031,岩手県岩手町,いわてまち,iwatemachi,iwatemati
033219,岩手県紫波町,しわちょう,shiwachou,siwatyou
033227,岩手県矢巾町,やはばちょう,yahabachou,yahabatyou
033669,岩手県西和賀町,にしわがまち,nishiwagamachi,nisiwagamati
033812,岩手県金ケ崎町,かねがさきちょう,kanegasakichou,kanegasakityou
034029,岩手県平泉町,ひらいずみちょう,hiraizumichou,hiraizumityou
034410,岩手県住田町,すみたちょう,sumitachou,sumitatyou
034614,岩手県大槌町,おおつちちょう,ootsuchichou,ootutityou
034827,岩手県山田町,やまだまち,yamadamachi,yamadamati
034835,岩手県岩泉町,いわいずみちょう,iwaizumichou,iwaizumityou
034843,岩手県田野畑村,たのはたむら,tanohatamura,tanohatamura
034851,岩手県普代村,ふだいむら,fudaimura,fudaimura
035017,岩手県軽米町,かるまいまち,karumaimachi,karumaimati
035033,岩手県野田村,のだむら,nodamura,nodamura
035068,岩手県九戸村,くのへむら,kunohemura,kunohemura
035076,岩手県洋野町,ひろのちょう,hironochou,hironotyou
035246,岩手県一戸町,いちのへまち,ichinohemachi,itinohemati
041009,宮城県仙台市,せんだいし,sendaishi,sendaisi
042021,宮城県石巻市,いしのまきし,ishinomakishi,isinomakisi
042030,宮城県塩竈市,しおがまし,shiogamashi,siogamasi
042056,宮城県気仙沼市,けせんぬまし,kesennumashi,kesennumasi
042064,宮城県白石市,しろいしし,shiroishishi,siroisisi
042072,宮城県名取市,なとりし,natorishi,natorisi
042081,宮城県角田市,かくだし,kakudashi,kakudasi
042099,宮城県多賀城市,たがじょうし,tagajoushi,tagazyousi
042111,宮城県岩沼市,いわぬまし,iwanumashi,iwanumasi
042129,宮城県登米市,とめし,tomeshi,tomesi
042137,宮城県栗原市,くりはらし,kuriharashi,kuriharasi
042145,宮城県東松島市,ひがしまつしまし,higashimatsushimashi,higasimatusimasi
042153,宮城県大崎市,おおさきし,oosakishi,oosakisi
042161,宮城県富谷市,とみやし,tomiyashi,tomiyasi
043010,宮城県蔵王町,ざおうまち,zaoumachi,zaoumati
043028,宮城県七ヶ宿町,しちかしゅくまち,shichikashukumachi,sitikasyukumati
043214,宮城県大河原町,おおがわらまち,oogawaramachi,oogawaramati
043222,宮城県村田町,むらたまち,muratamachi,muratamati
043231,宮城県柴田町,しばたまち,shibatamachi,sibatamati
043249,宮城県川崎町,かわさきまち,kawasakimachi,kawasakimati
043419,宮城県丸森町,まるもりまち,marumorimachi,marumorimati
043613,宮城県亘理町,わたりちょう,watarichou,watarityou
043621,宮城県山元町,やまもとちょう,yamamotochou,yamamototyou
044016,宮城県松島町,まつしままち,matsushimamachi,matusimamati
044041,宮城県七ヶ浜町,しちがはままち,shichigahamamachi,sitigahamamati
044067,宮城県利府町,りふちょう,rifuchou,rifutyou
044211,宮城県大和町,たいわちょう,taiwachou,taiwatyou
044229,宮城県大郷町,おおさとちょう,oosatochou,oosatotyou
044245,宮城県大衡村,おおひらむら,oohiramura,oohiramura
044440,宮城県色麻町,しかまちょう,shikamachou,sikamatyou
044458,宮城県加美町,かみまち,kamimachi,kamimati
045012,宮城県涌谷町,わくやちょう,wakuyachou,wakuyatyou
045055,宮城県美里町,みさとまち,misatomachi,misatomati
045811,宮城県女川町,おながわちょう,onagawachou,onagawatyou
046060,宮城県南三陸町,みなみさんりくちょう,minamisanrikuchou,minamisanrikutyou
052019,秋田県秋田市,あきたし,akitashi,akitasi
052027,秋田県能代市,のしろし,noshiroshi,nosirosi
052035,秋田県横手市,よこてし,yokoteshi,yokotesi
052043,秋田県大館市,おおだてし,oodateshi,oodatesi
052060,秋田県男鹿市,おがし,ogashi,ogasi
052078,秋田県湯沢市,ゆざわし,yuzawashi,yuzawasi
052094,秋田県鹿角市,かづのし,kazunoshi,kazunosi
052108,秋田県由利本荘市,ゆりほんじょうし,yurihonjoushi,yurihonzyousi
052116,秋田県潟上市,かたがみし,katagamishi,katagamisi
052124,秋田県大仙市,だいせんし,daisenshi,daisensi
052132,秋田県北秋田市,きたあきたし,kitaakitashi,kitaakitasi
052141,秋田県にかほ市,にかほし,nikahoshi,nikahosi
052159,秋田県仙北市,せんぼくし,senbokushi,senbokusi
053031,秋田県小坂町,こさかまち,kosakamachi,kosakamati
053279,秋田県上小阿仁村,かみこあにむら,kamikoanimura,kamikoanimura
053465,秋田県藤里町,ふじさとまち,fujisatomachi,fuzisatomati
053481,秋田県三種町,みたねちょう,mitanechou,mitanetyou
053490,秋田県八峰町,はっぽうちょう,happouchou,happoutyou
053619,秋田県五城目町,ごじょうめまち,gojoumemachi,gozyoumemati
053635,秋田県八郎潟町,はちろうがたまち,hachirougatamachi,hatirougatamati
053660,秋田県井川町,いかわまち,ikawamachi,ikawamati
053686,秋田県大潟村,おおがたむら,oogatamura,oogatamura
054348,秋田県美郷町,みさとちょう,misatochou,misatotyou
054631,秋田県羽後町,うごまち,ugomachi,ugomati
054640,秋田県東成瀬村,ひがしなるせむら,higashinarusemura,higasinarusemura
062014,山形県山形市,やまがたし,yamagatashi,yamagatasi
062022,山形県米沢市,よねざわし,yonezawashi,yonezawasi
062031,山形県鶴岡市,つるおかし,tsuruokashi,turuokasi
062049,山形県酒田市,さかたし,sakatashi,sakatasi
062057,山形県新庄市,しんじょうし,shinjoushi,sinzyousi
062065,山形県寒河江市,さがえし,sagaeshi,sagaesi
062073,山形県上山市,かみのやまし,kaminoyamashi,kaminoyamasi
062081,山形県村山市,むらやまし,murayamashi,murayamasi
062090,山形県長井市,ながいし,nagaishi,nagaisi
062103,山形県天童市,てんどうし,tendoushi,tendousi
062111,山形県東根市,ひがしねし,higashineshi,higasinesi
062120,山形県尾花沢市,おばなざわし,obanazawashi,obanazawasi
062138,山形県南陽市,なんようし,nanyoushi,nanyousi
063011,山形県山辺町,やまのべまち,yamanobemachi,yamanobemati
063029,山形県中山町,なかやままち,nakayamamachi,nakayamamati
063215,山形県河北町,かほくちょう,kahokuchou,kahokutyou
063223,山形県西川町,にしかわまち,nishikawamachi,nisikawamati
063231,山形県朝日町,あさひまち,asahimachi,asahimati
063240,山形県大江町,おおえまち,ooemachi,ooemati
063410,山形県大石田町,おおいしだまち,ooishidamachi,ooisidamati
063614,山形県金山町,かねやままち,kaneyamamachi,kaneyamamati
063622,山形県最上町,もがみまち,mogamimachi,mogamimati
063631,山形県舟形町,ふながたまち,funagatamachi,funagatamati
063649,山形県真室川町,まむろがわまち,mamurogawamachi,mamurogawamati
063657,山形県大蔵村,おおくらむら,ookuramura,ookuramura
063665,山形県鮭川村,さけがわむら,sakegawamura,sakegawamura
063673,山形県戸沢村,とざわむら,tozawamura,tozawamura
063819,山形県高畠町,たかはたまち,takahatamachi,takahatamati
063827,山形県川西町,かわにしまち,kawanishimachi,kawanisimati
064017,山形県小国町,おぐにまち,ogunimachi,ogunimati
064025,山形県白鷹町,しらたかまち,shiratakamachi,siratakamati
064033,山形県飯豊町,いいでまち,iidemachi,iidemati
064262,山形県三川町,みかわまち,mikawamachi,mikawamati
064289,山形県庄内町,しようないまち,shiyounaimachi,siyounaimati
064611,山形県遊佐町,ゆざまち,yuzamachi,yuzamati
072010,福島県福島市,ふくしまし,fukushimashi,fukusimasi
072028,福島県会津若松市,あいづわかまつし,aizuwakamatsushi,aizuwakamatusi
072036,福島県郡山市,こおりやまし,kooriyamashi,kooriyamasi
072044,福島県いわき市,いわきし,iwakishi,iwakisi
072052,福島県白河市,しらかわし,shirakawashi,sirakawasi
072079,福島県須賀川市,すかがわし,sukagawashi,sukagawasi
072087,福島県喜多方市,きたかたし,kitakatashi,kitakatasi
072095,福島県相馬市,そうまし,soumashi,soumasi
072109,福島県二本松市,にほんまつし,nihonmatsushi,nihonmatusi
072117,福島県田村市,たむらし,tamurashi,tamurasi
072125,福島県南相馬市,みなみそうまし,minamisoumashi,minamisoumasi
072133,福島県伊達市,だてし,dateshi,datesi
072141,福島県本宮市,もとみやし,motomiyashi,motomiyasi
073016,福島県桑折町,こおりまち,koorimachi,koorimati
073032,福島県国見町,くにみまち,kunimimachi,kunimimati
073083,福島県川俣町,かわまたまち,kawamatamachi,kawamatamati
073229,福島県大玉村,おおたまむら,ootamamura,ootamamura
073423,福島県鏡石町,かがみいしまち,kagamiishimachi,kagamiisimati
073440,福島県天栄村,てんえいむら,ten'eimura,ten'eimura
073628,福島県下郷町,しもごうまち,shimogoumachi,simogoumati
073644,福島県檜枝岐村,ひのえまたむら,hinoematamura,hinoematamura
073679,福島県只見町,ただみまち,tadamimachi,tadamimati
073687,福島県南会津町,みなみあいづまち,minamiaizumachi,minamiaizumati
074021,福島県北塩原村,きたしおばらむら,kitashiobaramura,kitasiobaramura
074055,福島県西会津町,にしあいづまち,nishiaizumachi,nisiaizumati
074071,福島県磐梯町,ばんだいまち,bandaimachi,bandaimati
074080,福島県猪苗代町,いなわしろまち,inawashiromachi,inawasiromati
074217,福島県会津坂下町,あいづばんげまち,aizubangemachi,aizubangemati
074225,福島県湯川村,ゆがわむら,yugawamura,yugawamura
074233,福島県柳津町,やないづまち,yanaizumachi,yanaizumati
074446,福島県三島町,みしままち,mishimamachi,misimamati
074454,福島県金山町,かねやままち,kaneyamamachi,kaneyamamati
074462,福島県昭和村,しょうわむら,shouwamura,syouwamura
074471,福島県会津美里町,あいづみさとまち,aizumisatomachi,aizumisatomati
074616,福島県西郷村,にしごうむら,nishigoumura,nisigoumura
074641,福島県泉崎村,いずみざきむら,izumizakimura,izumizakimura
074659,福島県中島村,なかじまむら,nakajimamura,nakazimamura
074667,福島県矢吹町,やぶきまち,yabukimachi,yabukimati
074811,福島県棚倉町,たなぐらまち,tanaguramachi,tanaguramati
074829,福島県矢祭町,やまつりまち,yamatsurimachi,yamaturimati
074837,福島県塙町,はなわまち,hanawamachi,hanawamati
074845,福島県鮫川村,さめがわむら,samegawamura,samegawamura
075019,福島県石川町,いしかわまち,ishikawamachi,isikawamati
075027,福島県玉川村,たまかわむら,tamakawamura,tamakawamura
075035,福島県平田村,ひらたむら,hiratamura,hiratamura
075043,福島県浅川町,あさかわまち,asakawamachi,asakawamati
075051,福島県古殿町,ふるどのまち,furudonomachi,furudonomati
075213,福島県三春町,みはるまち,miharumachi,miharumati
075221,福島県小野町,おのまち,onomachi,onomati
075418,福島県広野町,ひろのまち,hironomachi,hironomati
075426,福島県楢葉町,ならはまち,narahamachi,narahamati
075434,福島県富岡町,とみおかまち,tomiokamachi,tomiokamati
075442,福島県川内村,かわうちむら,kawauchimura,kawautimura
075451,福島県大熊町,おおくままち,ookumamachi,ookumamati
075469,福島県双葉町,ふたばまち,futabamachi,futabamati
075477,福島県浪江町,なみえまち,namiemachi,namiemati
075485,福島県葛尾村,かつらおむら,katsuraomura,katuraomura
075612,福島県新地町,しんちまち,shinchimachi,sintimati
075647,福島県飯舘村,いいたてむら,iitatemura,iitatemura
082015,茨城県水戸市,みとし,mitoshi,mitosi
082023,茨城県日立市,ひたちし,hitachishi,hitatisi
082031,茨城県土浦市,つちうらし,tsuchiurashi,tutiurasi
082040,茨城県古河市,こがし,kogashi,kogasi
082058,茨城県石岡市,いしおかし,ishiokashi,isiokasi
082074,茨城県結城市,ゆうきし,yuukishi,yuukisi
082082,茨城県龍ケ崎市,りゅうがさきし,ryuugasakishi,ryuugasakisi
082104,茨城県下妻市,しもつまし,shimotsumashi,simotumasi
082112,茨城県常総市,じょうそうし,jousoushi,zyousousi
082121,茨城県常陸太田市,ひたちおおたし,hitachiootashi,hitatiootasi
082147,茨城県高萩市,たかはぎし,takahagishi,takahagisi
082155,茨城県北茨城市,きたいばらきし,kitaibarakishi,kitaibarakisi
082163,茨城県笠間市,かさまし,kasamashi,kasamasi
082171,茨城県取手市,とりでし,torideshi,toridesi
082198,茨城県牛久市,うしくし,ushikushi,usikusi
082201,茨城県つくば市,つくばし,tsukubashi,tukubasi
082210,茨城県ひたちなか市,ひたちなかし,hitachinakashi,hitatinakasi
082228,茨城県鹿嶋市,かしまし,kashimashi,kasimasi
082236,茨城県潮来市,いたこし,itakoshi,itakosi
082244,茨城県守谷市,もりやし,moriyashi,moriyasi
082252,茨城県常陸大宮市,ひたちおおみやし,hitachioomiyashi,hitatioomiyasi
082261,茨城県那珂市,なかし,nakashi,nakasi
082279,茨城県筑西市,ちくせいし,chikuseishi,tikuseisi
082287,茨城県坂東市,ばんどうし,bandoushi,bandousi
082295,茨城県稲敷市,いなしきし,inashikishi,inasikisi
082309,茨城県かすみがうら市,かすみがうらし,kasumigaurashi,kasumigaurasi
082317,茨城県桜川市,さくらがわし,sakuragawashi,sakuragawasi
082325,茨城県神栖市,かみすし,kamisushi,kamisusi
082333,茨城県行方市,なめがたし,namegatashi,namegatasi
082341,茨城県鉾田市,ほこたし,hokotashi,hokotasi
082350,茨城県つくばみらい市,つくばみらいし,tsukubamiraishi,tukubamiraisi
082368,茨城県小美玉市,おみたまし,omitamashi,omitamasi
083020,茨城県茨城町,いばらきまち,ibarakimachi,ibarakimati
083097,茨城県大洗町,おおあらいまち,ooaraimachi,ooaraimati
083101,茨城県城里町,しろさとまち,shirosatomachi,sirosatomati
083411,茨城県東海村,とうかいむら,toukaimura,toukaimura
083640,茨城県大子町,だいごまち,daigomachi,daigomati
084425,茨城県美浦村,みほむら,mihomura,mihomura
084433,茨城県阿見町,あみまち,amimachi,amimati
084476,茨城県河内町,かわちまち,kawachimachi,kawatimati
085219,茨城県八千代町,やちよまち,yachiyomachi,yatiyomati
085421,茨城県五霞町,ごかまち,gokamachi,gokamati
085464,茨城県境町,さかいまち,sakaimachi,sakaimati
085642,茨城県利根町,とねまち,tonemachi,tonemati
092011,栃木県宇都宮市,うつのみやし,utsunomiyashi,utunomiyasi
092029,栃木県足利市,あしかがし,ashikagashi,asikagasi
092037,栃木県栃木市,とちぎし,tochigishi,totigisi
092045,栃木県佐野市,さのし,sanoshi,sanosi
092053,栃木県鹿沼市,かぬまし,kanumashi,kanumasi
092061,栃木県日光市,にっこうし,nikkoushi,nikkousi
092088,栃木県小山市,おやまし,oyamashi,oyamasi
092096,栃木県真岡市,もおかし,mookashi,mookasi
092100,栃木県大田原市,おおたわらし,ootawarashi,ootawarasi
092118,栃木県矢板市,やいたし,yaitashi,yaitasi
092134,栃木県那須塩原市,なすしおばらし,nasushiobarashi,nasusiobarasi
092142,栃木県さくら市,さくらし,sakurashi,sakurasi
092151,栃木県那須烏山市,なすからすやまし,nasukarasuyamashi,nasukarasuyamasi
092169,栃木県下野市,しもつけし,shimotsukeshi,simotukesi
093017,栃木県上三川町,かみのかわまち,kaminokawamachi,kaminokawamati
093424,栃木県益子町,ましこまち,mashikomachi,masikomati
093432,栃木県茂木町,もてぎまち,motegimachi,motegimati
093441,栃木県市貝町,いちかいまち,ichikaimachi,itikaimati
093459,栃木県芳賀町,はがまち,hagamachi,hagamati
093611,栃木県壬生町,みぶまち,mibumachi,mibumati
093645,栃木県野木町,のぎまち,nogimachi,nogimati
093840,栃木県塩谷町,しおやまち,shioyamachi,sioyamati
093866,栃木県高根沢町,たかねざわまち,takanezawamachi,takanezawamati
094072,栃木県那須町,なすまち,nasumachi,nasumati
094111,栃木県那珂川町,なかがわまち,nakagawamachi,nakagawamati
102016,群馬県前橋市,まえばしし,maebashishi,maebasisi
102024,群馬県高崎市,たかさきし,takasakishi,takasakisi
102032,群馬県桐生市,きりゅうし,kiryuushi,kiryuusi
102041,群馬県伊勢崎市,いせさきし,isesakishi,isesakisi
102059,群馬県太田市,おおたし,ootashi,ootasi
102067,群馬県沼田市,ぬまたし,numatashi,numatasi
102075,群馬県館林市,たてばやしし,tatebayashishi,tatebayasisi
102083,群馬県渋川市,しぶかわし,shibukawashi,sibukawasi
102091,群馬県藤岡市,ふじおかし,fujiokashi,fuziokasi
102105,群馬県富岡市,とみおかし,tomiokashi,tomiokasi
102113,群馬県安中市,あんなかし,annakashi,annakasi
102121,群馬県みどり市,みどりし,midorishi,midorisi
103446,群馬県榛東村,しんとうむら,shintoumura,sintoumura
103454,群馬県吉岡町,よしおかまち,yoshiokamachi,yosiokamati
103667,群馬県上野村,うえのむら,uenomura,uenomura
103675,群馬県神流町,かんなまち,kannamachi,kannamati
103829,群馬県下仁田町,しもにたまち,shimonitamachi,simonitamati
103837,群馬県南牧村,なんもくむら,nanmokumura,nanmokumura
103845,群馬県甘楽町,かんらまち,kanramachi,kanramati
104213,群馬県中之条町,なかのじようまち,nakanojiyoumachi,nakanoziyoumati
104248,群馬県長野原町,ながのはらまち,naganoharamachi,naganoharamati
104256,群馬県嬬恋村,つまごいむら,tsumagoimura,tumagoimura
104264,群馬県草津町,くさつまち,kusatsumachi,kusatumati
104281,群馬県高山村,たかやまむら,takayamamura,takayamamura
104299,群馬県東吾妻町,ひがしあがつままち,higashiagatsumamachi,higasiagatumamati
104434,群馬県片品村,かたしなむら,katashinamura,katasinamura
104442,群馬県川場村,かわばむら,kawabamura,kawabamura
104485,群馬県昭和村,しょうわむら,shouwamura,syouwamura
104493,群馬県みなかみ町,みなかみまち,minakamimachi,minakamimati
104647,群馬県玉村町,たまむらまち,tamamuramachi,tamamuramati
105210,群馬県板倉町,いたくらまち,itakuramachi,itakuramati
105228,群馬県明和町,めいわまち,meiwamachi,meiwamati
105236,群馬県千代田町,ちよだまち,chiyodamachi,tiyodamati
105244,群馬県大泉町,おおいずみまち,ooizumimachi,ooizumimati
105252,群馬県邑楽町,おうらまち,ouramachi,ouramati
111007,埼玉県さいたま市,さいたまし,saitamashi,saitamasi
112011,埼玉県川越市,かわごえし,kawagoeshi,kawagoesi
112020,埼玉県熊谷市,くまがやし,kumagayashi,kumagayasi
112038,埼玉県川口市,かわぐちし,kawaguchishi,kawagutisi
112062,埼玉県行田市,ぎようだし,giyoudashi,giyoudasi
112071,埼玉県秩父市,ちちぶし,chichibushi,titibusi
112089,埼玉県所沢市,ところざわし,tokorozawashi,tokorozawasi
112097,埼玉県飯能市,はんのうし,hannoushi,hannousi
112101,埼玉県加須市,かぞし,kazoshi,kazosi
112119,埼玉県本庄市,ほんじようし,honjiyoushi,honziyousi
112127,埼玉県東松山市,ひがしまつやまし,higashimatsuyamashi,higasimatuyamasi
112143,埼玉県春日部市,かすかべし,kasukabeshi,kasukabesi
112151,埼玉県狭山市,さやまし,sayamashi,sayamasi
112160,埼玉県羽生市,はにゆうし,haniyuushi,haniyuusi
112178,埼玉県鴻巣市,こうのすし,kounosushi,kounosusi
112186,埼玉県深谷市,ふかやし,fukayashi,fukayasi
112194,埼玉県上尾市,あげおし,ageoshi,ageosi
112216,埼玉県草加市,そうかし,soukashi,soukasi
112224,埼玉県越谷市,こしがやし,koshigayashi,kosigayasi
112232,埼玉県蕨市,わらびし,warabishi,warabisi
112241,埼玉県戸田市,とだし,todashi,todasi
112259,埼玉県入間市,いるまし,irumashi,irumasi
112275,埼玉県朝霞市,あさかし,asakashi,asakasi
112283,埼玉県志木市,しきし,shikishi,sikisi
112291,埼玉県和光市,わこうし,wakoushi,wakousi
112305,埼玉県新座市,にいざし,niizashi,niizasi
112313,埼玉県桶川市,おけがわし,okegawashi,okegawasi
112321,埼玉県久喜市,くきし,kukishi,kukisi
112330,埼玉県北本市,きたもとし,kitamotoshi,kitamotosi
112348,埼玉県八潮市,やしおし,yashioshi,yasiosi
112356,埼玉県富士見市,ふじみし,fujimishi,fuzimisi
112372,埼玉県三郷市,みさとし,misatoshi,misatosi
112381,埼玉県蓮田市,はすだし,hasudashi,hasudasi
112399,埼玉県坂戸市,さかどし,sakadoshi,sakadosi
112402,埼玉県幸手市,さってし,satteshi,sattesi
112411,埼玉県鶴ヶ島市,つるがしまし,tsurugashimashi,turugasimasi
112429,埼玉県日高市,ひだかし,hidakashi,hidakasi
112437,埼玉県吉川市,よしかわし,yoshikawashi,yosikawasi
112453,埼玉県ふじみ野市,ふじみのし,fujiminoshi,fuziminosi
112461,埼玉県白岡市,しらおかし,shiraokashi,siraokasi
113018,埼玉県伊奈町,いなまち,inamachi,inamati
113247,埼玉県三芳町,みよしまち,miyoshimachi,miyosimati
113263,埼玉県毛呂山町,もろやままち,moroyamamachi,moroyamamati
113271,埼玉県越生町,おごせまち,ogosemachi,ogosemati
113417,埼玉県滑川町,なめがわまち,namegawamachi,namegawamati
113425,埼玉県嵐山町,らんざんまち,ranzanmachi,ranzanmati
113433,埼玉県小川町,おがわまち,ogawamachi,ogawamati
113468,埼玉県川島町,かわじままち,kawajimamachi,kawazimamati
113476,埼玉県吉見町,よしみまち,yoshimimachi,yosimimati
113484,埼玉県鳩山町,はとやままち,hatoyamamachi,hatoyamamati
113492,埼玉県ときがわ町,ときがわまち,tokigawamachi,tokigawamati
113611,埼玉県横瀬町,よこぜまち,yokozemachi,yokozemati
113620,埼玉県皆野町,みなのまち,minanomachi,minanomati
113638,埼玉県長瀞町,ながとろまち,nagatoromachi,nagatoromati
113654,埼玉県小鹿野町,おがのまち,oganomachi,oganomati
113697,埼玉県東秩父村,ひがしちちぶむら,higashichichibumura,higasititibumura
113816,埼玉県美里町,みさとまち,misatomachi,misatomati
113832,埼玉県神川町,かみかわまち,kamikawamachi,kamikawamati
113859,埼玉県上里町,かみさとまち,kamisatomachi,kamisatomati
114081,埼玉県寄居町,よりいまち,yoriimachi,yoriimati
114421,埼玉県宮代町,みやしろまち,miyashiromachi,miyasiromati
114642,埼玉県杉戸町,すぎとまち,sugitomachi,sugitomati
114651,埼玉県松伏町,まつぶしまち,matsubushimachi,matubusimati
121002,千葉県千葉市,ちばし,chibashi,tibasi
122025,千葉県銚子市,ちょうしし,choushishi,tyousisi
122033,千葉県市川市,いちかわし,ichikawashi,itikawasi
122041,千葉県船橋市,ふなばしし,funabashishi,funabasisi
122050,千葉県館山市,たてやまし,tateyamashi,tateyamasi
122068,千葉県木更津市,きさらづし,kisarazushi,kisarazusi
122076,千葉県松戸市,まつどし,matsudoshi,matudosi
122084,千葉県野田市,のだし,nodashi,nodasi
122106,千葉県茂原市,もばらし,mobarashi,mobarasi
122114,千葉県成田市,なりたし,naritashi,naritasi
122122,千葉県佐倉市,さくらし,sakurashi,sakurasi
122131,千葉県東金市,とうがねし,touganeshi,touganesi
122157,千葉県旭市,あさひし,asahishi,asahisi
122165,千葉県習志野市,ならしのし,narashinoshi,narasinosi
122173,千葉県柏市,かしわし,kashiwashi,kasiwasi
122181,千葉県勝浦市,かつうらし,katsuurashi,katuurasi
122190,千葉県市原市,いちはらし,ichiharashi,itiharasi
122203,千葉県流山市,ながれやまし,nagareyamashi,nagareyamasi
122211,千葉県八千代市,やちよし,yachiyoshi,yatiyosi
122220,千葉県我孫子市,あびこし,abikoshi,abikosi
122238,千葉県鴨川市,かもがわし,kamogawashi,kamogawasi
122246,千葉県鎌ケ谷市,かまがやし,kamagayashi,kamagayasi
122254,千葉県君津市,きみつし,kimitsushi,kimitusi
122262,千葉県富津市,ふっつし,futtsushi,futtusi
122271,千葉県浦安市,うらやすし,urayasushi,urayasusi
122289,千葉県四街道市,よつかいどうし,yotsukaidoushi,yotukaidousi
122297,千葉県袖ケ浦市,そでがうらし,sodegaurashi,sodegaurasi
122301,千葉県八街市,やちまたし,yachimatashi,yatimatasi
122319,千葉県印西市,いんざいし,inzaishi,inzaisi
122327,千葉県白井市,しろいし,shiroishi,siroisi
122335,千葉県富里市,とみさとし,tomisatoshi,tomisatosi
122343,千葉県南房総市,みなみぼうそうし,minamibousoushi,minamibousousi
122351,千葉県匝瑳市,そうさし,sousashi,sousasi
122360,千葉県香取市,かとりし,katorishi,katorisi
122378,千葉県山武市,さんむし,sanmushi,sanmusi
122386,千葉県いすみ市,いすみし,isumishi,isumisi
122394,千葉県大網白里市,おおあみしらさとし,ooamishirasatoshi,ooamisirasatosi
123226,千葉県酒々井町,しすいまち,shisuimachi,sisuimati
123293,千葉県栄町,さかえまち,sakaemachi,sakaemati
123421,千葉県神崎町,こうざきまち,kouzakimachi,kouzakimati
123471,千葉県多古町,たこまち,takomachi,takomati
123498,千葉県東庄町,とうのしょうまち,tounoshoumachi,tounosyoumati
124036,千葉県九十九里町,くじゆうくりまち,kujiyuukurimachi,kuziyuukurimati
124095,千葉県芝山町,しばやままち,shibayamamachi,sibayamamati
124109,千葉県横芝光町,よこしばひかりまち,yokoshibahikarimachi,yokosibahikarimati
124214,千葉県一宮町,いちのみやまち,ichinomiyamachi,itinomiyamati
124222,千葉県睦沢町,むつざわまち,mutsuzawamachi,mutuzawamati
124231,千葉県長生村,ちょうせいむら,chouseimura,tyouseimura
124249,千葉県白子町,しらこまち,shirakomachi,sirakomati
124265,千葉県長柄町,ながらまち,nagaramachi,nagaramati
124273,千葉県長南町,ちょうなんまち,chounanmachi,tyounanmati
124419,千葉県大多喜町,おおたきまち,ootakimachi,ootakimati
124435,千葉県御宿町,おんじゆくまち,onjiyukumachi,onziyukumati
124630,千葉県鋸南町,きよなんまち,kiyonanmachi,kiyonanmati
131016,東京都千代田区,ちよだく,chiyodaku,tiyodaku
131024,東京都中央区,ちゅうおうく,chuuouku,tyuuouku
131032,東京都港区,みなとく,minatoku,minatoku
131041,東京都新宿区,しんじゅくく,shinjukuku,sinzyukuku
131059,東京都文京区,ぶんきょうく,bunkiyouku,bunkyouku
131067,東京都台東区,たいとうく,taitouku,taitouku
131075,東京都墨田区,すみだく,sumidaku,sumidaku
131083,東京都江東区,こうとうく,koutouku,koutouku
131091,東京都品川区,しながわく,shinagawaku,sinagawaku
131105,東京都目黒区,めぐろく,meguroku,meguroku
131113,東京都大田区,おおたく,ootaku,ootaku
131121,東京都世田谷区,せたがやく,setagayaku,setagayaku
131130,東京都渋谷区,しぶやく,shibuyaku,sibuyaku
131148,東京都中野区,なかのく,nakanoku,nakanoku
131156,東京都杉並区,すぎなみく,suginamiku,suginamiku
131164,東京都豊島区,としまく,toshimaku,tosimaku
131172,東京都北区,きたく,kitaku,kitaku
131181,東京都荒川区,あらかわく,arakawaku,arakawaku
131199,東京都板橋区,いたばしく,itabashiku,itabasiku
131202,東京都練馬区,ねりまく,nerimaku,nerimaku
131211,東京都足立区,あだちく,adachiku,adatiku
131229,東京都葛飾区,かつしかく,katsushikaku,katusikaku
131237,東京都江戸川区,えどがわく,edogawaku,edogawaku
132012,東京都八王子市,はちおうじし,hachioujishi,hatiouzisi
132021,東京都立川市,たちかわし,tachikawashi,tatikawasi
132039,東京都武蔵野市,むさしのし,musashinoshi,musasinosi
132047,東京都三鷹市,みたかし,mitakashi,mitakasi
132055,東京都青梅市,おうめし,oumeshi,oumesi
132063,東京都府中市,ふちゅうし,fuchuushi,futyuusi
132071,東京都昭島市,あきしまし,akishimashi,akisimasi
132080,東京都調布市,ちょうふし,choufushi,tyoufusi
132098,東京都町田市,まちだし,machidashi,matidasi
132101,東京都小金井市,こがねいし,koganeishi,koganeisi
132110,東京都小平市,こだいらし,kodairashi,kodairasi
132128,東京都日野市,ひのし,hinoshi,hinosi
132136,東京都東村山市,ひがしむらやまし,higashimurayamashi,higasimurayamasi
132144,東京都国分寺市,こくぶんじし,kokubunjishi,kokubunzisi
132152,東京都国立市,くにたちし,kunitachishi,kunitatisi
132187,東京都福生市,ふっさし,fussashi,fussasi
132195,東京都狛江市,こまえし,komaeshi,komaesi
132209,東京都東大和市,ひがしやまとし,higashiyamatoshi,higasiyamatosi
132217,東京都清瀬市,きよせし,kiyoseshi,kiyosesi
132225,東京都東久留米市,ひがしくるめし,higashikurumeshi,higasikurumesi
132233,東京都武蔵村山市,むさしむらやまし,musashimurayamashi,musasimurayamasi
132241,東京都多摩市,たまし,tamashi,tamasi
132250,東京都稲城市,いなぎし,inagishi,inagisi
132276,東京都羽村市,はむらし,hamurashi,hamurasi
132284,東京都あきる野市,あきるのし,akirunoshi,akirunosi
132292,東京都西東京市,にしとうきょうし,nishitoukiyoushi,nisitoukyousi
133035,東京都瑞穂町,みずほまち,mizuhomachi,mizuhomati
133051,東京都日の出町,ひのでまち,hinodemachi,hinodemati
133078,東京都檜原村,ひのはらむら,hinoharamura,hinoharamura
133086,東京都奥多摩町,おくたままち,okutamamachi,okutamamati
133612,東京都大島町,おおしままち,ooshimamachi,oosimamati
133621,東京都利島村,としまむら,toshimamura,tosimamura
133639,東京都新島村,にいじまむら,niijimamura,niizimamura
133647,東京都神津島村,こうづしまむら,kouzushimamura,kouzusimamura
133817,東京都三宅村,みやけむら,miyakemura,miyakemura
133825,東京都御蔵島村,みくらじまむら,mikurajimamura,mikurazimamura
134015,東京都八丈町,はちじょうまち,hachijoumachi,hatizyoumati
134023,東京都青ヶ島村,あおがしまむら,aogashimamura,aogasimamura
134210,東京都小笠原村,おがさわらむら,ogasawaramura,ogasawaramura
141003,神奈川県横浜市,よこはまし,yokohamashi,yokohamasi
141305,神奈川県川崎市,かわさきし,kawasakishi,kawasakisi
141500,神奈川県相模原市,さがみはらし,sagamiharashi,sagamiharasi
142018,神奈川県横須賀市,よこすかし,yokosukashi,yokosukasi
142034,神奈川県平塚市,ひらつかし,hiratsukashi,hiratukasi
142042,神奈川県鎌倉市,かまくらし,kamakurashi,kamakurasi
142051,神奈川県藤沢市,ふじさわし,fujisawashi,fuzisawasi
142069,神奈川県小田原市,おだわらし,odawarashi,odawarasi
142077,神奈川県茅ヶ崎市,ちがさきし,chigasakishi,tigasakisi
142085,神奈川県逗子市,ずしし,zushishi,zusisi
142107,神奈川県三浦市,みうらし,miurashi,miurasi
142115,神奈川県秦野市,はだのし,hadanoshi,hadanosi
142123,神奈川県厚木市,あつぎし,atsugishi,atugisi
142131,神奈川県大和市,やまとし,yamatoshi,yamatosi
142140,神奈川県伊勢原市,いせはらし,iseharashi,iseharasi
142158,神奈川県海老名市,えびなし,ebinashi,ebinasi
142166,神奈川県座間市,ざまし,zamashi,zamasi
142174,神奈川県南足柄市,みなみあしがらし,minamiashigarashi,minamiasigarasi
142182,神奈川県綾瀬市,あやせし,ayaseshi,ayasesi
143014,神奈川県葉山町,はやままち,hayamamachi,hayamamati
143219,神奈川県寒川町,さむかわまち,samukawamachi,samukawamati
143413,神奈川県大磯町,おおいそまち,ooisomachi,ooisomati
143421,神奈川県二宮町,にのみやまち,ninomiyamachi,ninomiyamati
143618,神奈川県中井町,なかいまち,nakaimachi,nakaimati
143626,神奈川県大井町,おおいまち,ooimachi,ooimati
143634,神奈川県松田町,まつだまち,matsudamachi,matudamati
143642,神奈川県山北町,やまきたまち,yamakitamachi,yamakitamati
143669,神奈川県開成町,かいせいまち,kaiseimachi,kaiseimati
143821,神奈川県箱根町,はこねまち,hakonemachi,hakonemati
143839,神奈川県真鶴町,まなつるまち,manatsurumachi,manaturumati
143847,神奈川県湯河原町,ゆがわらまち,yugawaramachi,yugawaramati
144011,神奈川県愛川町,あいかわまち,aikawamachi,aikawamati
144029,神奈川県清川村,きよかわむら,kiyokawamura,kiyokawamura
151009,新潟県新潟市,にいがたし,niigatashi,niigatasi
152021,新潟県長岡市,ながおかし,nagaokashi,nagaokasi
152048,新潟県三条市,さんじょうし,sanjoushi,sanzyousi
152056,新潟県柏崎市,かしわざきし,kashiwazakishi,kasiwazakisi
152064,新潟県新発田市,しばたし,shibatashi,sibatasi
152081,新潟県小千谷市,おぢやし,ojiyashi,oziyasi
152099,新潟県加茂市,かもし,kamoshi,kamosi
152102,新潟県十日町市,とおかまちし,tookamachishi,tookamatisi
152111,新潟県見附市,みつけし,mitsukeshi,mitukesi
152129,新潟県村上市,むらかみし,murakamishi,murakamisi
152137,新潟県燕市,つばめし,tsubameshi,tubamesi
152161,新潟県糸魚川市,いといがわし,itoigawashi,itoigawasi
152170,新潟県妙高市,みょうこうし,myoukoushi,myoukousi
152188,新潟県五泉市,ごせんし,gosenshi,gosensi
152226,新潟県上越市,じょうえつし,jouetsushi,zyouetusi
152234,新潟県阿賀野市,あがのし,aganoshi,aganosi
152242,新潟県佐渡市,さどし,sadoshi,sadosi
152251,新潟県魚沼市,うおぬまし,uonumashi,uonumasi
152269,新潟県南魚沼市,みなみうおぬまし,minamiuonumashi,minamiuonumasi
152277,新潟県胎内市,たいないし,tainaishi,tainaisi
153079,新潟県聖籠町,せいろうまち,seiroumachi,seiroumati
153427,新潟県弥彦村,やひこむら,yahikomura,yahikomura
153613,新潟県田上町,たがみまち,tagamimachi,tagamimati
153851,新潟県阿賀町,あがまち,agamachi,agamati
154059,新潟県出雲崎町,いずもざきまち,izumozakimachi,izumozakimati
154610,新潟県湯沢町,ゆざわまち,yuzawamachi,yuzawamati
154822,新潟県津南町,つなんまち,tsunanmachi,tunanmati
155047,新潟県刈羽村,かりわむら,kariwamura,kariwamura
155811,新潟県関川村,せきかわむら,sekikawamura,sekikawamura
155861,新潟県粟島浦村,あわしまうらむら,awashimauramura,awasimauramura
162019,富山県富山市,とやまし,toyamashi,toyamasi
162027,富山県高岡市,たかおかし,takaokashi,takaokasi
162043,富山県魚津市,うおづし,uozushi,uozusi
162051,富山県氷見市,ひみし,himishi,himisi
162060,富山県滑川市,なめりかわし,namerikawashi,namerikawasi
162078,富山県黒部市,くろべし,kurobeshi,kurobesi
162086,富山県砺波市,となみし,tonamishi,tonamisi
162094,富山県小矢部市,おやべし,oyabeshi,oyabesi
162108,富山県南砺市,なんとし,nantoshi,nantosi
162116,富山県射水市,いみずし,imizushi,imizusi
163210,富山県舟橋村,ふなはしむら,funahashimura,funahasimura
163228,富山県上市町,かみいちまち,kamiichimachi,kamiitimati
163236,富山県立山町,たてやままち,tateyamamachi,tateyamamati
163422,富山県入善町,にゅうぜんまち,nyuuzenmachi,nyuuzenmati
163431,富山県朝日町,あさひまち,asahimachi,asahimati
172014,石川県金沢市,かなざわし,kanazawashi,kanazawasi
172022,石川県七尾市,ななおし,nanaoshi,nanaosi
172031,石川県小松市,こまつし,komatsushi,komatusi
172049,石川県輪島市,わじまし,wajimashi,wazimasi
172057,石川県珠洲市,すずし,suzushi,suzusi
172065,石川県加賀市,かがし,kagashi,kagasi
172073,石川県羽咋市,はくいし,hakuishi,hakuisi
172090,石川県かほく市,かほくし,kahokushi,kahokusi
172103,石川県白山市,はくさんし,hakusanshi,hakusansi
172111,石川県能美市,のみし,nomishi,nomisi
172120,石川県野々市市,ののいちし,nonoichishi,nonoitisi
173240,石川県川北町,かわきたまち,kawakitamachi,kawakitamati
173614,石川県津幡町,つばたまち,tsubatamachi,tubatamati
173657,石川県内灘町,うちなだまち,uchinadamachi,utinadamati
173843,石川県志賀町,しかまち,shikamachi,sikamati
173860,石川県宝達志水町,ほうだつしみずちょう,houdatsushimizuchou,houdatusimizutyou
174076,石川県中能登町,なかのとまち,nakanotomachi,nakanotomati
174611,石川県穴水町,あなみずまち,anamizumachi,anamizumati
174637,石川県能登町,のとちょう,notochou,nototyou
182010,福井県福井市,ふくいし,fukuishi,fukuisi
182028,福井県敦賀市,つるがし,tsurugashi,turugasi
182044,福井県小浜市,おばまし,obamashi,obamasi
182052,福井県大野市,おおのし,oonoshi,oonosi
182061,福井県勝山市,かつやまし,katsuyamashi,katuyamasi
182079,福井県鯖江市,さばえし,sabaeshi,sabaesi
182087,福井県あわら市,あわらし,awarashi,awarasi
182095,福井県越前市,えちぜんし,echizenshi,etizensi
182109,福井県坂井市,さかいし,sakaishi,sakaisi
183229,福井県永平寺町,えいへいじちょう,eiheijichou,eiheizityou
183822,福井県池田町,いけだちょう,ikedachou,ikedatyou
184047,福井県南越前町,みなみえちぜんちょう,minamiechizenchou,minamietizentyou
184233,福井県越前町,えちぜんちょう,echizenchou,etizentyou
184420,福井県美浜町,みはまちょう,mihamachou,mihamatyou
184811,福井県高浜町,たかはまちょう,takahamachou,takahamatyou
184837,福井県おおい町,おおいちょう,ooichou,ooityou
185019,福井県若狭町,わかさちょう,wakasachou,wakasatyou
192015,山梨県甲府市,こうふし,koufushi,koufusi
192023,山梨県富士吉田市,ふじよしだし,fujiyoshidashi,fuziyosidasi
192040,山梨県都留市,つるし,tsurushi,turusi
192058,山梨県山梨市,やまなしし,yamanashishi,yamanasisi
192066,山梨県大月市,おおつきし,ootsukishi,ootukisi
192074,山梨県韮崎市,にらさきし,nirasakishi,nirasakisi
192082,山梨県南アルプス市,みなみあるぷすし,minamiarupusushi,minamiarupususi
192091,山梨県北杜市,ほくとし,hokutoshi,hokutosi
192104,山梨県甲斐市,かいし,kaishi,kaisi
192112,山梨県笛吹市,ふえふきし,fuefukishi,fuefukisi
192121,山梨県上野原市,うえのはらし,uenoharashi,uenoharasi
192139,山梨県甲州市,こうしゅうし,koushuushi,kousyuusi
192147,山梨県中央市,ちゅうおうし,chuuoushi,tyuuousi
193461,山梨県市川三郷町,いちかわみさとちょう,ichikawamisatochou,itikawamisatotyou
193640,山梨県早川町,はやかわちょう,hayakawachou,hayakawatyou
193658,山梨県身延町,みのぶちょう,minobuchou,minobutyou
193666,山梨県南部町,なんぶちょう,nanbuchou,nanbutyou
193682,山梨県富士川町,ふじかわちょう,fujikawachou,fuzikawatyou
193844,山梨県昭和町,しょうわちょう,shouwachou,syouwatyou
194221,山梨県道志村,どうしむら,doushimura,dousimura
194239,山梨県西桂町,にしかつらちょう,nishikatsurachou,nisikaturatyou
194247,山梨県忍野村,おしのむら,oshinomura,osinomura
194255,山梨県山中湖村,やまなかこむら,yamanakakomura,yamanakakomura
194298,山梨県鳴沢村,なるさわむら,narusawamura,narusawamura
194301,山梨県富士河口湖町,ふじかわぐちこまち,fujikawaguchikomachi,fuzikawagutikomati
194425,山梨県小菅村,こすげむら,kosugemura,kosugemura
194433,山梨県丹波山村,たばやまむら,tabayamamura,tabayamamura
202011,長野県長野市,ながのし,naganoshi,naganosi
202029,長野県松本市,まつもとし,matsumotoshi,matumotosi
202037,長野県上田市,うえだし,uedashi,uedasi
202045,長野県岡谷市,おかやし,okayashi,okayasi
202053,長野県飯田市,いいだし,iidashi,iidasi
202061,長野県諏訪市,すわし,suwashi,suwasi
202070,長野県須坂市,すざかし,suzakashi,suzakasi
202088,長野県小諸市,こもろし,komoroshi,komorosi
202096,長野県伊那市,いなし,inashi,inasi
202100,長野県駒ヶ根市,こまがねし,komaganeshi,komaganesi
202118,長野県中野市,なかのし,nakanoshi,nakanosi
202126,長野県大町市,おおまちし,oomachishi,oomatisi
202134,長野県飯山市,いいやまし,iiyamashi,iiyamasi
202142,長野県茅野市,ちのし,chinoshi,tinosi
202151,長野県塩尻市,しおじりし,shiojirishi,siozirisi
202177,長野県佐久市,さくし,sakushi,sakusi
202185,長野県千曲市,ちくまし,chikumashi,tikumasi
202193,長野県東御市,とうみし,toumishi,toumisi
202207,長野県安曇野市,あづみのし,azuminoshi,azuminosi
203033,長野県小海町,こうみまち,koumimachi,koumimati
203041,長野県川上村,かわかみむら,kawakamimura,kawakamimura
203050,長野県南牧村,みなみまきむら,minamimakimura,minamimakimura
203068,長野県南相木村,みなみあいきむら,minamiaikimura,minamiaikimura
203076,長野県北相木村,きたあいきむら,kitaaikimura,kitaaikimura
203092,長野県佐久穂町,さくほまち,sakuhomachi,sakuhomati
203211,長野県軽井沢町,かるいざわまち,karuizawamachi,karuizawamati
203238,長野県御代田町,みよたまち,miyotamachi,miyotamati
203246,長野県立科町,たてしなまち,tateshinamachi,tatesinamati
203491,長野県青木村,あおきむら,aokimura,aokimura
203505,長野県長和町,ながわまち,nagawamachi,nagawamati
203611,長野県下諏訪町,しもすわまち,shimosuwamachi,simosuwamati
203629,長野県富士見町,ふじみまち,fujimimachi,fuzimimati
203637,長野県原村,はらむら,haramura,haramura
203823,長野県辰野町,たつのまち,tatsunomachi,tatunomati
203831,長野県箕輪町,みのわまち,minowamachi,minowamati
203840,長野県飯島町,いいじままち,iijimamachi,iizimamati
203858,長野県南箕輪村,みなみみのわむら,minamiminowamura,minamiminowamura
203866,長野県中川村,なかがわむら,nakagawamura,nakagawamura
203882,長野県宮田村,みやだむら,miyadamura,miyadamura
204021,長野県松川町,まつかわまち,matsukawamachi,matukawamati
204030,長野県高森町,たかもりまち,takamorimachi,takamorimati
204048,長野県阿南町,あなんちょう,ananchou,anantyou
204072,長野県阿智村,あちむら,achimura,atimura
204099,長野県平谷村,ひらやむら,hirayamura,hirayamura
204102,長野県根羽村,ねばむら,nebamura,nebamura
204111,長野県下條村,しもじょうむら,shimojoumura,simozyoumura
204129,長野県売木村,うるぎむら,urugimura,urugimura
204137,長野県天龍村,てんりゅうむら,tenryuumura,tenryuumura
204145,長野県泰阜村,やすおかむら,yasuokamura,yasuokamura
204153,長野県喬木村,たかぎむら,takagimura,takagimura
204161,長野県豊丘村,とよおかむら,toyookamura,toyookamura
204170,長野県大鹿村,おおしかむら,ooshikamura,oosikamura
204226,長野県上松町,あげまつまち,agematsumachi,agematumati
204234,長野県南木曽町,なぎそまち,nagisomachi,nagisomati
204251,長野県木祖村,きそむら,kisomura,kisomura
204293,長野県王滝村,おうたきむら,outakimura,outakimura
204307,長野県大桑村,おおくわむら,ookuwamura,ookuwamura
204323,長野県木曽町,きそまち,kisomachi,kisomati
204463,長野県麻績村,おみむら,omimura,omimura
204480,長野県生坂村,いくさかむら,ikusakamura,ikusakamura
204501,長野県山形村,やまがたむら,yamagatamura,yamagatamura
204510,長野県朝日村,あさひむら,asahimura,asahimura
204528,長野県筑北村,ちくほくむら,chikuhokumura,tikuhokumura
204811,長野県池田町,いけだまち,ikedamachi,ikedamati
204820,長野県松川村,まつかわむら,matsukawamura,matukawamura
204854,長野県白馬村,はくばむら,hakubamura,hakubamura
204862,長野県小谷村,おたりむら,otarimura,otarimura
205214,長野県坂城町,さかきまち,sakakimachi,sakakimati
205419,長野県小布施町,おぶせまち,obusemachi,obusemati
205435,長野県高山村,たかやまむら,takayamamura,takayamamura
205613,長野県山ノ内町,やまのうちまち,yamanouchimachi,yamanoutimati
205621,長野県木島平村,きじまだいらむら,kijimadairamura,kizimadairamura
205630,長野県野沢温泉村,のざわおんせんむら,nozawaonsenmura,nozawaonsenmura
205834,長野県信濃町,しなのまち,shinanomachi,sinanomati
205885,長野県小川村,おがわむら,ogawamura,ogawamura
205907,長野県飯綱町,いいづなまち,iizunamachi,iizunamati
206024,長野県栄村,さかえむら,sakaemura,sakaemura
212016,岐阜県岐阜市,ぎふし,gifushi,gifusi
212024,岐阜県大垣市,おおがきし,oogakishi,oogakisi
212032,岐阜県高山市,たかやまし,takayamashi,takayamasi
212041,岐阜県多治見市,たじみし,tajimishi,tazimisi
212059,岐阜県関市,せきし,sekishi,sekisi
212067,岐阜県中津川市,なかつがわし,nakatsugawashi,nakatugawasi
212075,岐阜県美濃市,みのし,minoshi,minosi
212083,岐阜県瑞浪市,みずなみし,mizunamishi,mizunamisi
212091,岐阜県羽島市,はしまし,hashimashi,hasimasi
212105,岐阜県恵那市,えなし,enashi,enasi
212113,岐阜県美濃加茂市,みのかもし,minokamoshi,minokamosi
212121,岐阜県土岐市,ときし,tokishi,tokisi
212130,岐阜県各務原市,かかみがはらし,kakamigaharashi,kakamigaharasi
212148,岐阜県可児市,かにし,kanishi,kanisi
212156,岐阜県山県市,やまがたし,yamagatashi,yamagatasi
212164,岐阜県瑞穂市,みずほし,mizuhoshi,mizuhosi
212172,岐阜県飛騨市,ひだし,hidashi,hidasi
212181,岐阜県本巣市,もとすし,motosushi,motosusi
212199,岐阜県郡上市,ぐじょうし,gujoushi,guzyousi
212202,岐阜県下呂市,げろし,geroshi,gerosi
212211,岐阜県海津市,かいづし,kaizushi,kaizusi
213021,岐阜県岐南町,ぎなんちょう,ginanchou,ginantyou
213039,岐阜県笠松町,かさまつちょう,kasamatsuchou,kasamatutyou
213411,岐阜県養老町,ようろうちょう,yourouchou,youroutyou
213616,岐阜県垂井町,たるいちょう,taruichou,taruityou
213624,岐阜県関ケ原町,せきがはらちょう,sekigaharachou,sekigaharatyou
213811,岐阜県神戸町,ごうどちょう,goudochou,goudotyou
213829,岐阜県輪之内町,わのうちちょう,wanouchichou,wanoutityou
213837,岐阜県安八町,あんぱちちょう,anpachichou,anpatityou
214019,岐阜県揖斐川町,いびがわちょう,ibigawachou,ibigawatyou
214035,岐阜県大野町,おおのちょう,oonochou,oonotyou
214043,岐阜県池田町,いけだちょう,ikedachou,ikedatyou
214213,岐阜県北方町,きたがたちょう,kitagatachou,kitagatatyou
215015,岐阜県坂祝町,さかほぎちょう,sakahogichou,sakahogityou
215023,岐阜県富加町,とみかちょう,tomikachou,tomikatyou
215031,岐阜県川辺町,かわべちょう,kawabechou,kawabetyou
215040,岐阜県七宗町,ひちそうちょう,hichisouchou,hitisoutyou
215058,岐阜県八百津町,やおつちょう,yaotsuchou,yaotutyou
215066,岐阜県白川町,しらかわちょう,shirakawachou,sirakawatyou
215074,岐阜県東白川村,ひがししらかわむら,higashishirakawamura,higasisirakawamura
215210,岐阜県御嵩町,みたけちょう,mitakechou,mitaketyou
216046,岐阜県白川村,しらかわむら,shirakawamura,sirakawamura
221007,静岡県静岡市,しずおかし,shizuokashi,sizuokasi
221309,静岡県浜松市,はままつし,hamamatsushi,hamamatusi
222038,静岡県沼津市,ぬまづし,numazushi,numazusi
222054,静岡県熱海市,あたみし,atamishi,atamisi
222062,静岡県三島市,みしまし,mishimashi,misimasi
222071,静岡県富士宮市,ふじのみやし,fujinomiyashi,fuzinomiyasi
222089,静岡県伊東市,いとうし,itoushi,itousi
222097,静岡県島田市,しまだし,shimadashi,simadasi
222101,静岡県富士市,ふじし,fujishi,fuzisi
222119,静岡県磐田市,いわたし,iwatashi,iwatasi
222127,静岡県焼津市,やいづし,yaizushi,yaizusi
222135,静岡県掛川市,かけがわし,kakegawashi,kakegawasi
222143,静岡県藤枝市,ふじえだし,fujiedashi,fuziedasi
222151,静岡県御殿場市,ごてんばし,gotenbashi,gotenbasi
222160,静岡県袋井市,ふくろいし,fukuroishi,fukuroisi
222194,静岡県下田市,しもだし,shimodashi,simodasi
222208,静岡県裾野市,すそのし,susonoshi,susonosi
222216,静岡県湖西市,こさいし,kosaishi,kosaisi
222224,静岡県伊豆市,いずし,izushi,izusi
222232,静岡県御前崎市,おまえざきし,omaezakishi,omaezakisi
222241,静岡県菊川市,きくがわし,kikugawashi,kikugawasi
222259,静岡県伊豆の国市,いずのくにし,izunokunishi,izunokunisi
222267,静岡県牧之原市,まきのはらし,makinoharashi,makinoharasi
223018,静岡県東伊豆町,ひがしいずちょう,higashiizuchou,higasiizutyou
223026,静岡県河津町,かわづちょう,kawazuchou,kawazutyou
223042,静岡県南伊豆町,みなみいずちょう,minamiizuchou,minamiizutyou
223051,静岡県松崎町,まつざきちょう,matsuzakichou,matuzakityou
223069,静岡県西伊豆町,にしいずちょう,nishiizuchou,nisiizutyou
223255,静岡県函南町,かんなみちょう,kannamichou,kannamityou
223417,静岡県清水町,しみずちょう,shimizuchou,simizutyou
223425,静岡県長泉町,ながいずみちょう,nagaizumichou,nagaizumityou
223441,静岡県小山町,おやまちょう,oyamachou,oyamatyou
224243,静岡県吉田町,よしだちょう,yoshidachou,yosidatyou
224294,静岡県川根本町,かわねほんちょう,kawanehonchou,kawanehontyou
224618,静岡県森町,もりまち,morimachi,morimati
231002,愛知県名古屋市,なごやし,nagoyashi,nagoyasi
232017,愛知県豊橋市,とよはしし,toyohashishi,toyohasisi
232025,愛知県岡崎市,おかざきし,okazakishi,okazakisi
232033,愛知県一宮市,いちのみやし,ichinomiyashi,itinomiyasi
232041,愛知県瀬戸市,せとし,setoshi,setosi
232050,愛知県半田市,はんだし,handashi,handasi
232068,愛知県春日井市,かすがいし,kasugaishi,kasugaisi
232076,愛知県豊川市,とよかわし,toyokawashi,toyokawasi
232084,愛知県津島市,つしまし,tsushimashi,tusimasi
232092,愛知県碧南市,へきなんし,hekinanshi,hekinansi
232106,愛知県刈谷市,かりやし,kariyashi,kariyasi
232114,愛知県豊田市,とよたし,toyotashi,toyotasi
232122,愛知県安城市,あんじょうし,anjoushi,anzyousi
232131,愛知県西尾市,にしおし,nishioshi,nisiosi
232149,愛知県蒲郡市,がまごおりし,gamagoorishi,gamagoorisi
232157,愛知県犬山市,いぬやまし,inuyamashi,inuyamasi
232165,愛知県常滑市,とこなめし,tokonameshi,tokonamesi
232173,愛知県江南市,こうなんし,kounanshi,kounansi
232190,愛知県小牧市,こまきし,komakishi,komakisi
232203,愛知県稲沢市,いなざわし,inazawashi,inazawasi
232211,愛知県新城市,しんしろし,shinshiroshi,sinsirosi
232220,愛知県東海市,とうかいし,toukaishi,toukaisi
232238,愛知県大府市,おおぶし,oobushi,oobusi
232246,愛知県知多市,ちたし,chitashi,titasi
232254,愛知県知立市,ちりゅうし,chiryuushi,tiryuusi
232262,愛知県尾張旭市,おわりあさひし,owariasahishi,owariasahisi
232271,愛知県高浜市,たかはまし,takahamashi,takahamasi
232289,愛知県岩倉市,いわくらし,iwakurashi,iwakurasi
232297,愛知県豊明市,とよあけし,toyoakeshi,toyoakesi
232301,愛知県日進市,にっしんし,nisshinshi,nissinsi
232319,愛知県田原市,たはらし,taharashi,taharasi
232327,愛知県愛西市,あいさいし,aisaishi,aisaisi
232335,愛知県清須市,きよすし,kiyosushi,kiyosusi
232343,愛知県北名古屋市,きたなごやし,kitanagoyashi,kitanagoyasi
232351,愛知県弥富市,やとみし,yatomishi,yatomisi
232360,愛知県みよし市,みよしし,miyoshishi,miyosisi
232378,愛知県あま市,あまし,amashi,amasi
232386,愛知県長久手市,ながくてし,nagakuteshi,nagakutesi
233021,愛知県東郷町,とうごうちょう,tougouchou,tougoutyou
233421,愛知県豊山町,とよやまちょう,toyoyamachou,toyoyamatyou
233617,愛知県大口町,おおぐちちょう,ooguchichou,oogutityou
233625,愛知県扶桑町,ふそうちょう,fusouchou,fusoutyou
234249,愛知県大治町,おおはるちょう,ooharuchou,ooharutyou
234257,愛知県蟹江町,かにえちょう,kaniechou,kanietyou
234273,愛知県飛島村,とびしまむら,tobishimamura,tobisimamura
234419,愛知県阿久比町,あぐいちょう,aguichou,aguityou
234427,愛知県東浦町,ひがしうらちょう,higashiurachou,higasiuratyou
234451,愛知県南知多町,みなみちたちょう,minamichitachou,minamititatyou
234460,愛知県美浜町,みはまちょう,mihamachou,mihamatyou
234478,愛知県武豊町,たけとよちょう,taketoyochou,taketoyotyou
235016,愛知県幸田町,こうたちょう,koutachou,koutatyou
235610,愛知県設楽町,したらちょう,shitarachou,sitaratyou
235628,愛知県東栄町,とうえいちょう,toueichou,toueityou
235636,愛知県豊根村,とよねむら,toyonemura,toyonemura
242012,三重県津市,つし,tsushi,tusi
242021,三重県四日市市,よっかいちし,yokkaichishi,yokkaitisi
242039,三重県伊勢市,いせし,iseshi,isesi
242047,三重県松阪市,まつさかし,matsusakashi,matusakasi
242055,三重県桑名市,くわなし,kuwanashi,kuwanasi
242071,三重県鈴鹿市,すずかし,suzukashi,suzukasi
242080,三重県名張市,なばりし,nabarishi,nabarisi
242098,三重県尾鷲市,おわせし,owaseshi,owasesi
242101,三重県亀山市,かめやまし,kameyamashi,kameyamasi
242110,三重県鳥羽市,とばし,tobashi,tobasi
242128,三重県熊野市,くまのし,kumanoshi,kumanosi
242144,三重県いなべ市,いなべし,inabeshi,inabesi
242152,三重県志摩市,しまし,shimashi,simasi
242161,三重県伊賀市,いがし,igashi,igasi
243035,三重県木曽岬町,きそさきちょう,kisosakichou,kisosakityou
243248,三重県東員町,とういんちょう,touinchou,touintyou
243418,三重県菰野町,こものちょう,komonochou,komonotyou
243434,三重県朝日町,あさひちょう,asahichou,asahityou
243442,三重県川越町,かわごえちょう,kawagoechou,kawagoetyou
244414,三重県多気町,たきちょう,takichou,takityou
244422,三重県明和町,めいわちょう,meiwachou,meiwatyou
244431,三重県大台町,おおだいちょう,oodaichou,oodaityou
244619,三重県玉城町,たまきちょう,tamakichou,tamakityou
244708,三重県度会町,わたらいちょう,wataraichou,wataraityou
244716,三重県大紀町,たいきちょう,taikichou,taikityou
244724,三重県南伊勢町,みなみいせちょう,minamiisechou,minamiisetyou
245437,三重県紀北町,きほくちょう,kihokuchou,kihokutyou
245615,三重県御浜町,みはまちょう,mihamachou,mihamatyou
245623,三重県紀宝町,きほうちょう,kihouchou,kihoutyou
252018,滋賀県大津市,おおつし,ootsushi,ootusi
252026,滋賀県彦根市,ひこねし,hikoneshi,hikonesi
252034,滋賀県長浜市,ながはまし,nagahamashi,nagahamasi
252042,滋賀県近江八幡市,おうみはちまんし,oumihachimanshi,oumihatimansi
252069,滋賀県草津市,くさつし,kusatsushi,kusatusi
252077,滋賀県守山市,もりやまし,moriyamashi,moriyamasi
252085,滋賀県栗東市,りっとうし,rittoushi,rittousi
252093,滋賀県甲賀市,こうかし,koukashi,koukasi
252107,滋賀県野洲市,やすし,yasushi,yasusi
252115,滋賀県湖南市,こなんし,konanshi,konansi
252123,滋賀県高島市,たかしまし,takashimashi,takasimasi
252131,滋賀県東近江市,ひがしおうみし,higashioumishi,higasioumisi
252140,滋賀県米原市,まいばらし,maibarashi,maibarasi
253839,滋賀県日野町,ひのちょう,hinochou,hinotyou
253847,滋賀県竜王町,りゆうおうちょう,riyuuouchou,riyuuoutyou
254258,滋賀県愛荘町,あいしょうちょう,aishouchou,aisyoutyou
254410,滋賀県豊郷町,とよさとちょう,toyosatochou,toyosatotyou
254428,滋賀県甲良町,こうらちょう,kourachou,kouratyou
254436,滋賀県多賀町,たがちょう,tagachou,tagatyou
261009,京都府京都市,きょうとし,kiyoutoshi,kyoutosi
262013,京都府福知山市,ふくちやまし,fukuchiyamashi,fukutiyamasi
262021,京都府舞鶴市,まいづるし,maizurushi,maizurusi
262030,京都府綾部市,あやべし,ayabeshi,ayabesi
262048,京都府宇治市,うじし,ujishi,uzisi
262056,京都府宮津市,みやづし,miyazushi,miyazusi
262064,京都府亀岡市,かめおかし,kameokashi,kameokasi
262072,京都府城陽市,じょうようし,jouyoushi,zyouyousi
262081,京都府向日市,むこうし,mukoushi,mukousi
262099,京都府長岡京市,ながおかきょうし,nagaokakiyoushi,nagaokakyousi
262102,京都府八幡市,やわたし,yawatashi,yawatasi
262111,京都府京田辺市,きょうたなべし,kiyoutanabeshi,kyoutanabesi
262129,京都府京丹後市,きょうたんごし,kiyoutangoshi,kyoutangosi
262137,京都府南丹市,なんたんし,nantanshi,nantansi
262145,京都府木津川市,きづがわし,kizugawashi,kizugawasi
263036,京都府大山崎町,おおやまざきちょう,ooyamazakichou,ooyamazakityou
263222,京都府久御山町,くみやまちょう,kumiyamachou,kumiyamatyou
263435,京都府井手町,いでちょう,idechou,idetyou
263443,京都府宇治田原町,うじたわらちょう,ujitawarachou,uzitawaratyou
263648,京都府笠置町,かさぎちょう,kasagichou,kasagityou
263656,京都府和束町,わづかちょう,wazukachou,wazukatyou
263664,京都府精華町,せいかちょう,seikachou,seikatyou
263672,京都府南山城村,みなみやましろむら,minamiyamashiromura,minamiyamasiromura
264075,京都府京丹波町,きょうたんばちょう,kiyoutanbachou,kyoutanbatyou
264636,京都府伊根町,いねちょう,inechou,inetyou
264652,京都府与謝野町,よさのちょう,yosanochou,yosanotyou
271004,大阪府大阪市,おおさかし,oosakashi,oosakasi
271403,大阪府堺市,さかいし,sakaishi,sakaisi
272027,大阪府岸和田市,きしわだし,kishiwadashi,kisiwadasi
272035,大阪府豊中市,とよなかし,toyonakashi,toyonakasi
272043,大阪府池田市,いけだし,ikedashi,ikedasi
272051,大阪府吹田市,すいたし,suitashi,suitasi
272060,大阪府泉大津市,いずみおおつし,izumiootsushi,izumiootusi
272078,大阪府高槻市,たかつきし,takatsukishi,takatukisi
272086,大阪府貝塚市,かいづかし,kaizukashi,kaizukasi
272094,大阪府守口市,もりぐちし,moriguchishi,morigutisi
272108,大阪府枚方市,ひらかたし,hirakatashi,hirakatasi
272116,大阪府茨木市,いばらきし,ibarakishi,ibarakisi
272124,大阪府八尾市,やおし,yaoshi,yaosi
272132,大阪府泉佐野市,いずみさのし,izumisanoshi,izumisanosi
272141,大阪府富田林市,とんだばやしし,tondabayashishi,tondabayasisi
272159,大阪府寝屋川市,ねやがわし,neyagawashi,neyagawasi
272167,大阪府河内長野市,かわちながのし,kawachinaganoshi,kawatinaganosi
272175,大阪府松原市,まつばらし,matsubarashi,matubarasi
272183,大阪府大東市,だいとうし,daitoushi,daitousi
272191,大阪府和泉市,いずみし,izumishi,izumisi
272205,大阪府箕面市,みのおし,minooshi,minoosi
272213,大阪府柏原市,かしわらし,kashiwarashi,kasiwarasi
272221,大阪府羽曳野市,はびきのし,habikinoshi,habikinosi
272230,大阪府門真市,かどまし,kadomashi,kadomasi
272248,大阪府摂津市,せっつし,settsushi,settusi
272256,大阪府高石市,たかいしし,takaishishi,takaisisi
272264,大阪府藤井寺市,ふじいでらし,fujiiderashi,fuziiderasi
272272,大阪府東大阪市,ひがしおおさかし,higashioosakashi,higasioosakasi
272281,大阪府泉南市,せんなんし,sennanshi,sennansi
272299,大阪府四條畷市,しじようなわてし,shijiyounawateshi,siziyounawatesi
272302,大阪府交野市,かたのし,katanoshi,katanosi
272311,大阪府大阪狭山市,おおさかさやまし,oosakasayamashi,oosakasayamasi
272329,大阪府阪南市,はんなんし,hannanshi,hannansi
273015,大阪府島本町,しまもとちょう,shimamotochou,simamototyou
273210,大阪府豊能町,とよのちょう,toyonochou,toyonotyou
273228,大阪府能勢町,のせちょう,nosechou,nosetyou
273414,大阪府忠岡町,ただおかちょう,tadaokachou,tadaokatyou
273619,大阪府熊取町,くまとりちょう,kumatorichou,kumatorityou
273627,大阪府田尻町,たじりちょう,tajirichou,tazirityou
273660,大阪府岬町,みさきちょう,misakichou,misakityou
273813,大阪府太子町,たいしちょう,taishichou,taisityou
273821,大阪府河南町,かなんちょう,kananchou,kanantyou
273830,大阪府千早赤阪村,ちはやあかさかむら,chihayaakasakamura,tihayaakasakamura
281000,兵庫県神戸市,こうべし,koubeshi,koubesi
282014,兵庫県姫路市,ひめじし,himejishi,himezisi
282022,兵庫県尼崎市,あまがさきし,amagasakishi,amagasakisi
282031,兵庫県明石市,あかしし,akashishi,akasisi
282049,兵庫県西宮市,にしのみやし,nishinomiyashi,nisinomiyasi
282057,兵庫県洲本市,すもとし,sumotoshi,sumotosi
282065,兵庫県芦屋市,あしやし,ashiyashi,asiyasi
282073,兵庫県伊丹市,いたみし,itamishi,itamisi
282081,兵庫県相生市,あいおいし,aioishi,aioisi
282090,兵庫県豊岡市,とよおかし,toyookashi,toyookasi
282103,兵庫県加古川市,かこがわし,kakogawashi,kakogawasi
282120,兵庫県赤穂市,あこうし,akoushi,akousi
282138,兵庫県西脇市,にしわきし,nishiwakishi,nisiwakisi
282146,兵庫県宝塚市,たからづかし,takarazukashi,takarazukasi
282154,兵庫県三木市,みきし,mikishi,mikisi
282162,兵庫県高砂市,たかさごし,takasagoshi,takasagosi
282171,兵庫県川西市,かわにしし,kawanishishi,kawanisisi
282189,兵庫県小野市,おのし,onoshi,onosi
282197,兵庫県三田市,さんだし,sandashi,sandasi
282201,兵庫県加西市,かさいし,kasaishi,kasaisi
282219,兵庫県篠山市,ささやまし,sasayamashi,sasayamasi
282227,兵庫県養父市,やぶし,yabushi,yabusi
282235,兵庫県丹波市,たんばし,tanbashi,tanbasi
282243,兵庫県南あわじ市,みなみあわじし,minamiawajishi,minamiawazisi
282251,兵庫県朝来市,あさごし,asagoshi,asagosi
282260,兵庫県淡路市,あわじし,awajishi,awazisi
282278,兵庫県宍粟市,しそうし,shisoushi,sisousi
282286,兵庫県加東市,かとうし,katoushi,katousi
282294,兵庫県たつの市,たつのし,tatsunoshi,tatunosi
283011,兵庫県猪名川町,いながわちょう,inagawachou,inagawatyou
283657,兵庫県多可町,たかちょう,takachou,takatyou
283819,兵庫県稲美町,いなみちょう,inamichou,inamityou
283827,兵庫県播磨町,はりまちょう,harimachou,harimatyou
284424,兵庫県市川町,いちかわちょう,ichikawachou,itikawatyou
284432,兵庫県福崎町,ふくさきちょう,fukusakichou,fukusakityou
284467,兵庫県神河町,かみかわちょう,kamikawachou,kamikawatyou
284645,兵庫県太子町,たいしちょう,taishichou,taisityou
284815,兵庫県上郡町,かみごおりちょう,kamigoorichou,kamigoorityou
285013,兵庫県佐用町,さようちょう,sayouchou,sayoutyou
285854,兵庫県香美町,かみちょう,kamichou,kamityou
285862,兵庫県新温泉町,しんおんせんちょう,shin'onsenchou,sin'onsentyou
292010,奈良県奈良市,ならし,narashi,narasi
292028,奈良県大和高田市,やまとたかだし,yamatotakadashi,yamatotakadasi
292036,奈良県大和郡山市,やまとこおりやまし,yamatokooriyamashi,yamatokooriyamasi
292044,奈良県天理市,てんりし,tenrishi,tenrisi
292052,奈良県橿原市,かしはらし,kashiharashi,kasiharasi
292061,奈良県桜井市,さくらいし,sakuraishi,sakuraisi
292079,奈良県五條市,ごじょうし,gojoushi,gozyousi
292087,奈良県御所市,ごせし,goseshi,gosesi
292095,奈良県生駒市,いこまし,ikomashi,ikomasi
292109,奈良県香芝市,かしばし,kashibashi,kasibasi
292117,奈良県葛城市,かつらぎし,katsuragishi,katuragisi
292125,奈良県宇陀市,うだし,udashi,udasi
293229,奈良県山添村,やまぞえむら,yamazoemura,yamazoemura
293423,奈良県平群町,へぐりちょう,hegurichou,hegurityou
293431,奈良県三郷町,さんごうちょう,sangouchou,sangoutyou
293440,奈良県斑鳩町,いかるがちょう,ikarugachou,ikarugatyou
293458,奈良県安堵町,あんどちょう,andochou,andotyou
293610,奈良県川西町,かわにしちょう,kawanishichou,kawanisityou
293628,奈良県三宅町,みやけちょう,miyakechou,miyaketyou
293636,奈良県田原本町,たわらもとちょう,tawaramotochou,tawaramototyou
293857,奈良県曽爾村,そにむら,sonimura,sonimura
293865,奈良県御杖村,みつえむら,mitsuemura,mituemura
294012,奈良県高取町,たかとりちょう,takatorichou,takatorityou
294021,奈良県明日香村,あすかむら,asukamura,asukamura
294241,奈良県上牧町,かんまきちょう,kanmakichou,kanmakityou
294250,奈良県王寺町,おうじちょう,oujichou,ouzityou
294268,奈良県広陵町,こうりようちょう,kouriyouchou,kouriyoutyou
294276,奈良県河合町,かわいちょう,kawaichou,kawaityou
294411,奈良県吉野町,よしのちょう,yoshinochou,yosinotyou
294420,奈良県大淀町,おおよどちょう,ooyodochou,ooyodotyou
294438,奈良県下市町,しもいちちょう,shimoichichou,simoitityou
294446,奈良県黒滝村,くろたきむら,kurotakimura,kurotakimura
294462,奈良県天川村,てんかわむら,tenkawamura,tenkawamura
294471,奈良県野迫川村,のせがわむら,nosegawamura,nosegawamura
294497,奈良県十津川村,とつかわむら,totsukawamura,totukawamura
294501,奈良県下北山村,しもきたやまむら,shimokitayamamura,simokitayamamura
294519,奈良県上北山村,かみきたやまむら,kamikitayamamura,kamikitayamamura
294527,奈良県川上村,かわかみむら,kawakamimura,kawakamimura
294535,奈良県東吉野村,ひがしよしのむら,higashiyoshinomura,higasiyosinomura
302015,和歌山県和歌山市,わかやまし,wakayamashi,wakayamasi
302023,和歌山県海南市,かいなんし,kainanshi,kainansi
302031,和歌山県橋本市,はしもとし,hashimotoshi,hasimotosi
302040,和歌山県有田市,ありだし,aridashi,aridasi
302058,和歌山県御坊市,ごぼうし,goboushi,gobousi
302066,和歌山県田辺市,たなべし,tanabeshi,tanabesi
302074,和歌山県新宮市,しんぐうし,shinguushi,singuusi
302082,和歌山県紀の川市,きのかわし,kinokawashi,kinokawasi
302091,和歌山県岩出市,いわでし,iwadeshi,iwadesi
303046,和歌山県紀美野町,きみのちょう,kiminochou,kiminotyou
303411,和歌山県かつらぎ町,かつらぎちょう,katsuragichou,katuragityou
303437,和歌山県九度山町,くどやまちょう,kudoyamachou,kudoyamatyou
303445,和歌山県高野町,こうやちょう,kouyachou,kouyatyou
303615,和歌山県湯浅町,ゆあさちょう,yuasachou,yuasatyou
303623,和歌山県広川町,ひろがわちょう,hirogawachou,hirogawatyou
303666,和歌山県有田川町,ありだがわちょう,aridagawachou,aridagawatyou
303810,和歌山県美浜町,みはまちょう,mihamachou,mihamatyou
303828,和歌山県日高町,ひだかちょう,hidakachou,hidakatyou
303836,和歌山県由良町,ゆらちょう,yurachou,yuratyou
303909,和歌山県印南町,いなみちょう,inamichou,inamityou
303917,和歌山県みなべ町,みなべちょう,minabechou,minabetyou
303925,和歌山県日高川町,ひだかがわちょう,hidakagawachou,hidakagawatyou
304018,和歌山県白浜町,しらはまちょう,shirahamachou,sirahamatyou
304042,和歌山県上富田町,かみとんだちょう,kamitondachou,kamitondatyou
304069,和歌山県すさみ町,すさみちょう,susamichou,susamityou
304212,和歌山県那智勝浦町,なちかつうらちょう,nachikatsuurachou,natikatuuratyou
304221,和歌山県太地町,たいじちょう,taijichou,taizityou
304247,和歌山県古座川町,こざがわちょう,kozagawachou,kozagawatyou
304271,和歌山県北山村,きたやまむら,kitayamamura,kitayamamura
304280,和歌山県串本町,くしもとちょう,kushimotochou,kusimototyou
312011,鳥取県鳥取市,とっとりし,tottorishi,tottorisi
312029,鳥取県米子市,よなごし,yonagoshi,yonagosi
312037,鳥取県倉吉市,くらよしし,kurayoshishi,kurayosisi
312045,鳥取県境港市,さかいみなとし,sakaiminatoshi,sakaiminatosi
313025,鳥取県岩美町,いわみちょう,iwamichou,iwamityou
313254,鳥取県若桜町,わかさちょう,wakasachou,wakasatyou
313289,鳥取県智頭町,ちづちょう,chizuchou,tizutyou
313297,鳥取県八頭町,やずちょう,yazuchou,yazutyou
313645,鳥取県三朝町,みささちょう,misasachou,misasatyou
313700,鳥取県湯梨浜町,ゆりはまちょう,yurihamachou,yurihamatyou
313718,鳥取県琴浦町,ことうらちょう,kotourachou,kotouratyou
313726,鳥取県北栄町,ほくえいちょう,hokueichou,hokueityou
313840,鳥取県日吉津村,ひえづそん,hiezuson,hiezuson
313866,鳥取県大山町,だいせんちょう,daisenchou,daisentyou
313891,鳥取県南部町,なんぶちょう,nanbuchou,nanbutyou
313904,鳥取県伯耆町,ほうきちょう,houkichou,houkityou
314013,鳥取県日南町,にちなんちょう,nichinanchou,nitinantyou
314021,鳥取県日野町,ひのちょう,hinochou,hinotyou
314030,鳥取県江府町,こうふちょう,koufuchou,koufutyou
322016,島根県松江市,まつえし,matsueshi,matuesi
322024,島根県浜田市,はまだし,hamadashi,hamadasi
322032,島根県出雲市,いずもし,izumoshi,izumosi
322041,島根県益田市,ますだし,masudashi,masudasi
322059,島根県大田市,おおだし,oodashi,oodasi
322067,島根県安来市,やすぎし,yasugishi,yasugisi
322075,島根県江津市,ごうつし,goutsushi,goutusi
322091,島根県雲南市,うんなんし,unnanshi,unnansi
323438,島根県奥出雲町,おくいずもちょう,okuizumochou,okuizumotyou
323861,島根県飯南町,いいなんちょう,iinanchou,iinantyou
324418,島根県川本町,かわもとまち,kawamotomachi,kawamotomati
324485,島根県美郷町,みさとちょう,misatochou,misatotyou
324493,島根県邑南町,おおなんちょう,oonanchou,oonantyou
325015,島根県津和野町,つわのちょう,tsuwanochou,tuwanotyou
325058,島根県吉賀町,よしかちょう,yoshikachou,yosikatyou
325252,島根県海士町,あまちょう,amachou,amatyou
325261,島根県西ノ島町,にしのしまちょう,nishinoshimachou,nisinosimatyou
325279,島根県知夫村,ちぶむら,chibumura,tibumura
325287,島根県隠岐の島町,おきのしまちょう,okinoshimachou,okinosimatyou
331007,岡山県岡山市,おかやまし,okayamashi,okayamasi
332020,岡山県倉敷市,くらしきし,kurashikishi,kurasikisi
332038,岡山県津山市,つやまし,tsuyamashi,tuyamasi
332046,岡山県玉野市,たまのし,tamanoshi,tamanosi
332054,岡山県笠岡市,かさおかし,kasaokashi,kasaokasi
332071,岡山県井原市,いばらし,ibarashi,ibarasi
332089,岡山県総社市,そうじやし,soujiyashi,souziyasi
332097,岡山県高梁市,たかはしし,takahashishi,takahasisi
332101,岡山県新見市,にいみし,niimishi,niimisi
332119,岡山県備前市,びぜんし,bizenshi,bizensi
332127,岡山県瀬戸内市,せとうちし,setouchishi,setoutisi
332135,岡山県赤磐市,あかいわし,akaiwashi,akaiwasi
332143,岡山県真庭市,まにわし,maniwashi,maniwasi
332151,岡山県美作市,みまさかし,mimasakashi,mimasakasi
332160,岡山県浅口市,あさくちし,asakuchishi,asakutisi
333468,岡山県和気町,わけちょう,wakechou,waketyou
334235,岡山県早島町,はやしまちょう,hayashimachou,hayasimatyou
334456,岡山県里庄町,さとしょうちょう,satoshouchou,satosyoutyou
334618,岡山県矢掛町,やかげちょう,yakagechou,yakagetyou
335860,岡山県新庄村,しんじようそん,shinjiyouson,sinziyouson
336068,岡山県鏡野町,かがみのちょう,kagaminochou,kagaminotyou
336220,岡山県勝央町,しょうおうちょう,shououchou,syououtyou
336238,岡山県奈義町,なぎちょう,nagichou,nagityou
336432,岡山県西粟倉村,にしあわくらそん,nishiawakurason,nisiawakurason
336637,岡山県久米南町,くめなんちょう,kumenanchou,kumenantyou
336661,岡山県美咲町,みさきちょう,misakichou,misakityou
336815,岡山県吉備中央町,きびちゅうおうちょう,kibichuuouchou,kibityuuoutyou
341002,広島県広島市,ひろしまし,hiroshimashi,hirosimasi
342025,広島県呉市,くれし,kureshi,kuresi
342033,広島県竹原市,たけはらし,takeharashi,takeharasi
342041,広島県三原市,みはらし,miharashi,miharasi
342050,広島県尾道市,おのみちし,onomichishi,onomitisi
342076,広島県福山市,ふくやまし,fukuyamashi,fukuyamasi
342084,広島県府中市,ふちゅうし,fuchuushi,futyuusi
342092,広島県三次市,みよしし,miyoshishi,miyosisi
342106,広島県庄原市,しょうばらし,shoubarashi,syoubarasi
342114,広島県大竹市,おおたけし,ootakeshi,ootakesi
342122,広島県東広島市,ひがしひろしまし,higashihiroshimashi,higasihirosimasi
342131,広島県廿日市市,はつかいちし,hatsukaichishi,hatukaitisi
342149,広島県安芸高田市,あきたかたし,akitakatashi,akitakatasi
342157,広島県江田島市,えたじまし,etajimashi,etazimasi
343021,広島県府中町,ふちゅうちょう,fuchuuchou,futyuutyou
343048,広島県海田町,かいたちょう,kaitachou,kaitatyou
343072,広島県熊野町,くまのちょう,kumanochou,kumanotyou
343099,広島県坂町,さかちょう,sakachou,sakatyou
343684,広島県安芸太田町,あきおおたちょう,akiootachou,akiootatyou
343692,広島県北広島町,きたひろしまちょう,kitahiroshimachou,kitahirosimatyou
344311,広島県大崎上島町,おおさきかみじまちょう,oosakikamijimachou,oosakikamizimatyou
344621,広島県世羅町,せらちょう,serachou,seratyou
345458,広島県神石高原町,じんせきこうげんちょう,jinsekikougenchou,zinsekikougentyou
352012,山口県下関市,しものせきし,shimonosekishi,simonosekisi
352021,山口県宇部市,うべし,ubeshi,ubesi
352039,山口県山口市,やまぐちし,yamaguchishi,yamagutisi
352047,山口県萩市,はぎし,hagishi,hagisi
352063,山口県防府市,ほうふし,houfushi,houfusi
352071,山口県下松市,くだまつし,kudamatsushi,kudamatusi
352080,山口県岩国市,いわくにし,iwakunishi,iwakunisi
352101,山口県光市,ひかりし,hikarishi,hikarisi
352110,山口県長門市,ながとし,nagatoshi,nagatosi
352128,山口県柳井市,やないし,yanaishi,yanaisi
352136,山口県美祢市,みねし,mineshi,minesi
352152,山口県周南市,しゅうなんし,shuunanshi,syuunansi
352161,山口県山陽小野田市,さんようおのだし,sanyouonodashi,sanyouonodasi
353051,山口県周防大島町,すおうおおしまちょう,suouooshimachou,suouoosimatyou
353213,山口県和木町,わきちょう,wakichou,wakityou
353418,山口県上関町,かみのせきちょう,kaminosekichou,kaminosekityou
353434,山口県田布施町,たぶせちょう,tabusechou,tabusetyou
353442,山口県平生町,ひらおちょう,hiraochou,hiraotyou
355020,山口県阿武町,あぶちょう,abuchou,abutyou
362018,徳島県徳島市,とくしまし,tokushimashi,tokusimasi
362026,徳島県鳴門市,なるとし,narutoshi,narutosi
362034,徳島県小松島市,こまつしまし,komatsushimashi,komatusimasi
362042,徳島県阿南市,あなんし,ananshi,anansi
362051,徳島県吉野川市,よしのがわし,yoshinogawashi,yosinogawasi
362069,徳島県阿波市,あわし,awashi,awasi
362077,徳島県美馬市,みまし,mimashi,mimasi
362085,徳島県三好市,みよしし,miyoshishi,miyosisi
363014,徳島県勝浦町,かつうらちょう,katsuurachou,katuuratyou
363022,徳島県上勝町,かみかつちょう,kamikatsuchou,kamikatutyou
363219,徳島県佐那河内村,さなごうちそん,sanagouchison,sanagoutison
363413,徳島県石井町,いしいちょう,ishiichou,isiityou
363421,徳島県神山町,かみやまちょう,kamiyamachou,kamiyamatyou
363685,徳島県那賀町,なかちょう,nakachou,nakatyou
363839,徳島県牟岐町,むぎちょう,mugichou,mugityou
363871,徳島県美波町,みなみちょう,minamichou,minamityou
363880,徳島県海陽町,かいようちょう,kaiyouchou,kaiyoutyou
364011,徳島県松茂町,まつしげちょう,matsushigechou,matusigetyou
364029,徳島県北島町,きたじまちょう,kitajimachou,kitazimatyou
364037,徳島県藍住町,あいずみちょう,aizumichou,aizumityou
364045,徳島県板野町,いたのちょう,itanochou,itanotyou
364053,徳島県上板町,かみいたちょう,kamiitachou,kamiitatyou
364681,徳島県つるぎ町,つるぎちょう,tsurugichou,turugityou
364894,徳島県東みよし町,ひがしみよしちょう,higashimiyoshichou,higasimiyosityou
372013,香川県高松市,たかまつし,takamatsushi,takamatusi
372021,香川県丸亀市,まるがめし,marugameshi,marugamesi
372030,香川県坂出市,さかいでし,sakaideshi,sakaidesi
372048,香川県善通寺市,ぜんつうじし,zentsuujishi,zentuuzisi
372056,香川県観音寺市,かんおんじし,kan'onjishi,kan'onzisi
372064,香川県さぬき市,さぬきし,sanukishi,sanukisi
372072,香川県東かがわ市,ひがしかがわし,higashikagawashi,higasikagawasi
372081,香川県三豊市,みとよし,mitoyoshi,mitoyosi
373222,香川県土庄町,とのしょうちょう,tonoshouchou,tonosyoutyou
373249,香川県小豆島町,しょうどしまちょう,shoudoshimachou,syoudosimatyou
373419,香川県三木町,みきちょう,mikichou,mikityou
373648,香川県直島町,なおしまちょう,naoshimachou,naosimatyou
373869,香川県宇多津町,うたづちょう,utazuchou,utazutyou
373877,香川県綾川町,あやがわちょう,ayagawachou,ayagawatyou
374032,香川県琴平町,ことひらちょう,kotohirachou,kotohiratyou
374041,香川県多度津町,たどつちょう,tadotsuchou,tadotutyou
374067,香川県まんのう町,まんのうちょう,mannouchou,mannoutyou
382019,愛媛県松山市,まつやまし,matsuyamashi,matuyamasi
382027,愛媛県今治市,いまばりし,imabarishi,imabarisi
382035,愛媛県宇和島市,うわじまし,uwajimashi,uwazimasi
382043,愛媛県八幡浜市,やわたはまし,yawatahamashi,yawatahamasi
382051,愛媛県新居浜市,にいはまし,niihamashi,niihamasi
382060,愛媛県西条市,さいじょうし,saijoushi,saizyousi
382078,愛媛県大洲市,おおずし,oozushi,oozusi
382108,愛媛県伊予市,いよし,iyoshi,iyosi
382132,愛媛県四国中央市,しこくちゅうおうし,shikokuchuuoushi,sikokutyuuousi
382141,愛媛県西予市,せいよし,seiyoshi,seiyosi
382159,愛媛県東温市,とうおんし,touonshi,touonsi
383562,愛媛県上島町,かみじまちょう,kamijimachou,kamizimatyou
383864,愛媛県久万高原町,くまこうげんちょう,kumakougenchou,kumakougentyou
384011,愛媛県松前町,まさきちょう,masakichou,masakityou
384020,愛媛県砥部町,とべちょう,tobechou,tobetyou
384224,愛媛県内子町,うちこちょう,uchikochou,utikotyou
384429,愛媛県伊方町,いかたちょう,ikatachou,ikatatyou
384844,愛媛県松野町,まつのちょう,matsunochou,matunotyou
384887,愛媛県鬼北町,きほくちょう,kihokuchou,kihokutyou
385069,愛媛県愛南町,あいなんちょう,ainanchou,ainantyou
392014,高知県高知市,こうちし,kouchishi,koutisi
392022,高知県室戸市,むろとし,murotoshi,murotosi
392031,高知県安芸市,あきし,akishi,akisi
392049,高知県南国市,なんこくし,nankokushi,nankokusi
392057,高知県土佐市,とさし,tosashi,tosasi
392065,高知県須崎市,すさきし,susakishi,susakisi
392081,高知県宿毛市,すくもし,sukumoshi,sukumosi
392090,高知県土佐清水市,とさしみずし,tosashimizushi,tosasimizusi
392103,高知県四万十市,しまんとし,shimantoshi,simantosi
392111,高知県香南市,こうなんし,kounanshi,kounansi
392120,高知県香美市,かみし,kamishi,kamisi
393011,高知県東洋町,とうようちょう,touyouchou,touyoutyou
393029,高知県奈半利町,なはりちょう,naharichou,naharityou
393037,高知県田野町,たのちょう,tanochou,tanotyou
393045,高知県安田町,やすだちょう,yasudachou,yasudatyou
393053,高知県北川村,きたがわむら,kitagawamura,kitagawamura
393061,高知県馬路村,うまじむら,umajimura,umazimura
393070,高知県芸西村,げいせいむら,geiseimura,geiseimura
393410,高知県本山町,もとやまちょう,motoyamachou,motoyamatyou
393444,高知県大豊町,おおとよちょう,ootoyochou,ootoyotyou
393631,高知県土佐町,とさちょう,tosachou,tosatyou
393649,高知県大川村,おおかわむら,ookawamura,ookawamura
393860,高知県いの町,いのちょう,inochou,inotyou
393878,高知県仁淀川町,によどがわちょう,niyodogawachou,niyodogawatyou
394017,高知県中土佐町,なかとさちょう,nakatosachou,nakatosatyou
394025,高知県佐川町,さかわちょう,sakawachou,sakawatyou
394033,高知県越知町,おちちょう,ochichou,otityou
394050,高知県梼原町,ゆすはらちょう,yusuharachou,yusuharatyou
394106,高知県日高村,ひだかむら,hidakamura,hidakamura
394114,高知県津野町,つのちょう,tsunochou,tunotyou
394122,高知県四万十町,しまんとちょう,shimantochou,simantotyou
394246,高知県大月町,おおつきちょう,ootsukichou,ootukityou
394271,高知県三原村,みはらむら,miharamura,miharamura
394289,高知県黒潮町,くろしおちょう,kuroshiochou,kurosiotyou
401005,福岡県北九州市,きたきゅうしゅうし,kitakiyuushuushi,kitakyuusyuusi
401307,福岡県福岡市,ふくおかし,fukuokashi,fukuokasi
402028,福岡県大牟田市,おおむたし,oomutashi,oomutasi
402036,福岡県久留米市,くるめし,kurumeshi,kurumesi
402044,福岡県直方市,のおがたし,noogatashi,noogatasi
402052,福岡県飯塚市,いいづかし,iizukashi,iizukasi
402061,福岡県田川市,たがわし,tagawashi,tagawasi
402079,福岡県柳川市,やながわし,yanagawashi,yanagawasi
402109,福岡県八女市,やめし,yameshi,yamesi
402117,福岡県筑後市,ちくごし,chikugoshi,tikugosi
402125,福岡県大川市,おおかわし,ookawashi,ookawasi
402133,福岡県行橋市,ゆくはしし,yukuhashishi,yukuhasisi
402141,福岡県豊前市,ぶぜんし,buzenshi,buzensi
402150,福岡県中間市,なかまし,nakamashi,nakamasi
402168,福岡県小郡市,おごおりし,ogoorishi,ogoorisi
402176,福岡県筑紫野市,ちくしのし,chikushinoshi,tikusinosi
402184,福岡県春日市,かすがし,kasugashi,kasugasi
402192,福岡県大野城市,おおのじょうし,oonojoushi,oonozyousi
402206,福岡県宗像市,むなかたし,munakatashi,munakatasi
402214,福岡県太宰府市,だざいふし,dazaifushi,dazaifusi
402231,福岡県古賀市,こがし,kogashi,kogasi
402249,福岡県福津市,ふくつし,fukutsushi,fukutusi
402257,福岡県うきは市,うきはし,ukihashi,ukihasi
402265,福岡県宮若市,みやわかし,miyawakashi,miyawakasi
402273,福岡県嘉麻市,かまし,kamashi,kamasi
402281,福岡県朝倉市,あさくらし,asakurashi,asakurasi
402290,福岡県みやま市,みやまし,miyamashi,miyamasi
402303,福岡県糸島市,いとしまし,itoshimashi,itosimasi
402311,福岡県那珂川市,なかがわし,nakagawashi,nakagawasi
403415,福岡県宇美町,うみまち,umimachi,umimati
403423,福岡県篠栗町,ささぐりまち,sasagurimachi,sasagurimati
403431,福岡県志免町,しめまち,shimemachi,simemati
403440,福岡県須恵町,すえまち,suemachi,suemati
403458,福岡県新宮町,しんぐうまち,shinguumachi,singuumati
403482,福岡県久山町,ひさやままち,hisayamamachi,hisayamamati
403491,福岡県粕屋町,かすやまち,kasuyamachi,kasuyamati
403814,福岡県芦屋町,あしやまち,ashiyamachi,asiyamati
403822,福岡県水巻町,みずまきまち,mizumakimachi,mizumakimati
403831,福岡県岡垣町,おかがきまち,okagakimachi,okagakimati
403849,福岡県遠賀町,おんがちょう,ongachou,ongatyou
404012,福岡県小竹町,こたけまち,kotakemachi,kotakemati
404021,福岡県鞍手町,くらてまち,kuratemachi,kuratemati
404217,福岡県桂川町,けいせんまち,keisenmachi,keisenmati
404471,福岡県筑前町,ちくぜんまち,chikuzenmachi,tikuzenmati
404489,福岡県東峰村,とうほうむら,touhoumura,touhoumura
405035,福岡県大刀洗町,たちあらいまち,tachiaraimachi,tatiaraimati
405221,福岡県大木町,おおきまち,ookimachi,ookimati
405442,福岡県広川町,ひろかわまち,hirokawamachi,hirokawamati
406015,福岡県香春町,かわらまち,kawaramachi,kawaramati
406023,福岡県添田町,そえだまち,soedamachi,soedamati
406040,福岡県糸田町,いとだまち,itodamachi,itodamati
406058,福岡県川崎町,かわさきまち,kawasakimachi,kawasakimati
406082,福岡県大任町,おおとうまち,ootoumachi,ootoumati
406091,福岡県赤村,あかむら,akamura,akamura
406104,福岡県福智町,ふくちまち,fukuchimachi,fukutimati
406210,福岡県苅田町,かんだまち,kandamachi,kandamati
406252,福岡県みやこ町,みやこまち,miyakomachi,miyakomati
406422,福岡県吉富町,よしとみまち,yoshitomimachi,yositomimati
406465,福岡県上毛町,こうげまち,kougemachi,kougemati
406473,福岡県築上町,ちくじょうまち,chikujoumachi,tikuzyoumati
412015,佐賀県佐賀市,さがし,sagashi,sagasi
412023,佐賀県唐津市,からつし,karatsushi,karatusi
412031,佐賀県鳥栖市,とすし,tosushi,tosusi
412040,佐賀県多久市,たくし,takushi,takusi
412058,佐賀県伊万里市,いまりし,imarishi,imarisi
412066,佐賀県武雄市,たけおし,takeoshi,takeosi
412074,佐賀県鹿島市,かしまし,kashimashi,kasimasi
412082,佐賀県小城市,おぎし,ogishi,ogisi
412091,佐賀県嬉野市,うれしのし,ureshinoshi,uresinosi
412104,佐賀県神埼市,かんざきし,kanzakishi,kanzakisi
413275,佐賀県吉野ヶ里町,よしのがりちょう,yoshinogarichou,yosinogarityou
413411,佐賀県基山町,きやまちょう,kiyamachou,kiyamatyou
413453,佐賀県上峰町,かみみねちょう,kamiminechou,kamiminetyou
413461,佐賀県みやき町,みやきちょう,miyakichou,miyakityou
413879,佐賀県玄海町,げんかいちょう,genkaichou,genkaityou
414018,佐賀県有田町,ありたちょう,aritachou,aritatyou
414239,佐賀県大町町,おおまちちょう,oomachichou,oomatityou
414247,佐賀県江北町,こうほくまち,kouhokumachi,kouhokumati
414255,佐賀県白石町,しろいしちょう,shiroishichou,siroisityou
414417,佐賀県太良町,たらちょう,tarachou,taratyou
422011,長崎県長崎市,ながさきし,nagasakishi,nagasakisi
422029,長崎県佐世保市,させぼし,saseboshi,sasebosi
422037,長崎県島原市,しまばらし,shimabarashi,simabarasi
422045,長崎県諫早市,いさはやし,isahayashi,isahayasi
422053,長崎県大村市,おおむらし,oomurashi,oomurasi
422070,長崎県平戸市,ひらどし,hiradoshi,hiradosi
422088,長崎県松浦市,まつうらし,matsuurashi,matuurasi
422096,長崎県対馬市,つしまし,tsushimashi,tusimasi
422100,長崎県壱岐市,いきし,ikishi,ikisi
422118,長崎県五島市,ごとうし,gotoushi,gotousi
422126,長崎県西海市,さいかいし,saikaishi,saikaisi
422134,長崎県雲仙市,うんぜんし,unzenshi,unzensi
422142,長崎県南島原市,みなみしまばらし,minamishimabarashi,minamisimabarasi
423076,長崎県長与町,ながよちょう,nagayochou,nagayotyou
423084,長崎県時津町,とぎつちょう,togitsuchou,togitutyou
423211,長崎県東彼杵町,ひがしそのぎちょう,higashisonogichou,higasisonogityou
423220,長崎県川棚町,かわたなちょう,kawatanachou,kawatanatyou
423238,長崎県波佐見町,はさみちょう,hasamichou,hasamityou
423831,長崎県小値賀町,おぢかちょう,ojikachou,ozikatyou
423912,長崎県佐々町,さざちょう,sazachou,sazatyou
424111,長崎県新上五島町,しんかみごとうちょう,shinkamigotouchou,sinkamigotoutyou
431001,熊本県熊本市,くまもとし,kumamotoshi,kumamotosi
432024,熊本県八代市,やつしろし,yatsushiroshi,yatusirosi
432032,熊本県人吉市,ひとよしし,hitoyoshishi,hitoyosisi
432041,熊本県荒尾市,あらおし,araoshi,araosi
432059,熊本県水俣市,みなまたし,minamatashi,minamatasi
432067,熊本県玉名市,たまなし,tamanashi,tamanasi
432083,熊本県山鹿市,やまがし,yamagashi,yamagasi
432105,熊本県菊池市,きくちし,kikuchishi,kikutisi
432113,熊本県宇土市,うとし,utoshi,utosi
432121,熊本県上天草市,かみあまくさし,kamiamakusashi,kamiamakusasi
432130,熊本県宇城市,うきし,ukishi,ukisi
432148,熊本県阿蘇市,あそし,asoshi,asosi
432156,熊本県天草市,あまくさし,amakusashi,amakusasi
432164,熊本県合志市,こうしし,koushishi,kousisi
433489,熊本県美里町,みさとまち,misatomachi,misatomati
433641,熊本県玉東町,ぎょくとうまち,gyokutoumachi,gyokutoumati
433675,熊本県南関町,なんかんまち,nankanmachi,nankanmati
433683,熊本県長洲町,ながすまち,nagasumachi,nagasumati
433691,熊本県和水町,なごみまち,nagomimachi,nagomimati
434035,熊本県大津町,おおづまち,oozumachi,oozumati
434043,熊本県菊陽町,きくようまち,kikuyoumachi,kikuyoumati
434230,熊本県南小国町,みなみおぐにまち,minamiogunimachi,minamiogunimati
434248,熊本県小国町,おぐにまち,ogunimachi,ogunimati
434256,熊本県産山村,うぶやまむら,ubuyamamura,ubuyamamura
434281,熊本県高森町,たかもりまち,takamorimachi,takamorimati
434329,熊本県西原村,にしはらむら,nishiharamura,nisiharamura
434337,熊本県南阿蘇村,みなみあそむら,minamiasomura,minamiasomura
434418,熊本県御船町,みふねまち,mifunemachi,mifunemati
434426,熊本県嘉島町,かしままち,kashimamachi,kasimamati
434434,熊本県益城町,ましきまち,mashikimachi,masikimati
434442,熊本県甲佐町,こうさまち,kousamachi,kousamati
434477,熊本県山都町,やまとちょう,yamatochou,yamatotyou
434680,熊本県氷川町,ひかわちょう,hikawachou,hikawatyou
434825,熊本県芦北町,あしきたまち,ashikitamachi,asikitamati
434841,熊本県津奈木町,つなぎまち,tsunagimachi,tunagimati
435015,熊本県錦町,にしきまち,nishikimachi,nisikimati
435058,熊本県多良木町,たらぎまち,taragimachi,taragimati
435066,熊本県湯前町,ゆのまえまち,yunomaemachi,yunomaemati
435074,熊本県水上村,みずかみむら,mizukamimura,mizukamimura
435104,熊本県相良村,さがらむら,sagaramura,sagaramura
435112,熊本県五木村,いつきむら,itsukimura,itukimura
435121,熊本県山江村,やまえむら,yamaemura,yamaemura
435139,熊本県球磨村,くまむら,kumamura,kumamura
435147,熊本県あさぎり町,あさぎりちょう,asagirichou,asagirityou
435317,熊本県苓北町,れいほくまち,reihokumachi,reihokumati
442011,大分県大分市,おおいたし,ooitashi,ooitasi
442020,大分県別府市,べっぷし,beppushi,beppusi
442038,大分県中津市,なかつし,nakatsushi,nakatusi
442046,大分県日田市,ひたし,hitashi,hitasi
442054,大分県佐伯市,さいきし,saikishi,saikisi
442062,大分県臼杵市,うすきし,usukishi,usukisi
442071,大分県津久見市,つくみし,tsukumishi,tukumisi
442089,大分県竹田市,たけたし,taketashi,taketasi
442097,大分県豊後高田市,ぶんごたかだし,bungotakadashi,bungotakadasi
442101,大分県杵築市,きつきし,kitsukishi,kitukisi
442119,大分県宇佐市,うさし,usashi,usasi
442127,大分県豊後大野市,ぶんごおおのし,bungooonoshi,bungooonosi
442135,大分県由布市,ゆふし,yufushi,yufusi
442143,大分県国東市,くにさきし,kunisakishi,kunisakisi
443221,大分県姫島村,ひめしまむら,himeshimamura,himesimamura
443417,大分県日出町,ひじまち,hijimachi,hizimati
444618,大分県九重町,ここのえまち,kokonoemachi,kokonoemati
444626,大分県玖珠町,くすまち,kusumachi,kusumati
452017,宮崎県宮崎市,みやざきし,miyazakishi,miyazakisi
452025,宮崎県都城市,みやこのじょうし,miyakonojoushi,miyakonozyousi
452033,宮崎県延岡市,のべおかし,nobeokashi,nobeokasi
452041,宮崎県日南市,にちなんし,nichinanshi,nitinansi
452050,宮崎県小林市,こばやしし,kobayashishi,kobayasisi
452068,宮崎県日向市,ひゅうがし,hyuugashi,hyuugasi
452076,宮崎県串間市,くしまし,kushimashi,kusimasi
452084,宮崎県西都市,さいとし,saitoshi,saitosi
452092,宮崎県えびの市,えびのし,ebinoshi,ebinosi
453412,宮崎県三股町,みまたちょう,mimatachou,mimatatyou
453617,宮崎県高原町,たかはるちょう,takaharuchou,takaharutyou
453820,宮崎県国富町,くにとみちょう,kunitomichou,kunitomityou
453838,宮崎県綾町,あやちょう,ayachou,ayatyou
454010,宮崎県高鍋町,たかなべちょう,takanabechou,takanabetyou
454028,宮崎県新富町,しんとみちょう,shintomichou,sintomityou
454036,宮崎県西米良村,にしめらそん,nishimerason,nisimerason
454044,宮崎県木城町,きじょうちょう,kijouchou,kizyoutyou
454052,宮崎県川南町,かわみなみちょう,kawaminamichou,kawaminamityou
454061,宮崎県都農町,つのちょう,tsunochou,tunotyou
454214,宮崎県門川町,かどがわちょう,kadogawachou,kadogawatyou
454290,宮崎県諸塚村,もろつかそん,morotsukason,morotukason
454303,宮崎県椎葉村,しいばそん,shiibason,siibason
454311,宮崎県美郷町,みさとちょう,misatochou,misatotyou
454419,宮崎県高千穂町,たかちほちょう,takachihochou,takatihotyou
454427,宮崎県日之影町,ひのかげちょう,hinokagechou,hinokagetyou
454435,宮崎県五ヶ瀬町,ごかせちょう,gokasechou,gokasetyou
462012,鹿児島県鹿児島市,かごしまし,kagoshimashi,kagosimasi
462039,鹿児島県鹿屋市,かのやし,kanoyashi,kanoyasi
462047,鹿児島県枕崎市,まくらざきし,makurazakishi,makurazakisi
462063,鹿児島県阿久根市,あくねし,akuneshi,akunesi
462080,鹿児島県出水市,いずみし,izumishi,izumisi
462101,鹿児島県指宿市,いぶすきし,ibusukishi,ibusukisi
462136,鹿児島県西之表市,にしのおもてし,nishinoomoteshi,nisinoomotesi
462144,鹿児島県垂水市,たるみずし,tarumizushi,tarumizusi
462152,鹿児島県薩摩川内市,さつませんだいし,satsumasendaishi,satumasendaisi
462161,鹿児島県日置市,ひおきし,hiokishi,hiokisi
462179,鹿児島県曽於市,そおし,sooshi,soosi
462187,鹿児島県霧島市,きりしまし,kirishimashi,kirisimasi
462195,鹿児島県いちき串木野市,いちきくしきのし,ichikikushikinoshi,itikikusikinosi
462209,鹿児島県南さつま市,みなみさつまし,minamisatsumashi,minamisatumasi
462217,鹿児島県志布志市,しぶしし,shibushishi,sibusisi
462225,鹿児島県奄美市,あまみし,amamishi,amamisi
462233,鹿児島県南九州市,みなみきゅうしゅうし,minamikiyuushuushi,minamikyuusyuusi
462241,鹿児島県伊佐市,いさし,isashi,isasi
462250,鹿児島県姶良市,あいらし,airashi,airasi
463035,鹿児島県三島村,みしまむら,mishimamura,misimamura
463043,鹿児島県十島村,としまむら,toshimamura,tosimamura
463922,鹿児島県さつま町,さつまちょう,satsumachou,satumatyou
464040,鹿児島県長島町,ながしまちょう,nagashimachou,nagasimatyou
464520,鹿児島県湧水町,ゆうすいちょう,yuusuichou,yuusuityou
464686,鹿児島県大崎町,おおさきちょう,oosakichou,oosakityou
464821,鹿児島県東串良町,ひがしくしらちょう,higashikushirachou,higasikusiratyou
464902,鹿児島県錦江町,きんこうちょう,kinkouchou,kinkoutyou
464911,鹿児島県南大隅町,みなみおおすみちょう,minamioosumichou,minamioosumityou
464929,鹿児島県肝付町,きもつきちょう,kimotsukichou,kimotukityou
465011,鹿児島県中種子町,なかたねちょう,nakatanechou,nakatanetyou
465020,鹿児島県南種子町,みなみたねちょう,minamitanechou,minamitanetyou
465054,鹿児島県屋久島町,やくしまちょう,yakushimachou,yakusimatyou
465232,鹿児島県大和村,やまとそん,yamatoson,yamatoson
465241,鹿児島県宇検村,うけんそん,ukenson,ukenson
465259,鹿児島県瀬戸内町,せとうちちょう,setouchichou,setoutityou
465275,鹿児島県龍郷町,たつごうちょう,tatsugouchou,tatugoutyou
465291,鹿児島県喜界町,きかいちょう,kikaichou,kikaityou
465305,鹿児島県徳之島町,とくのしまちょう,tokunoshimachou,tokunosimatyou
465313,鹿児島県天城町,あまぎちょう,amagichou,amagityou
465321,鹿児島県伊仙町,いせんちょう,isenchou,isentyou
465330,鹿児島県和泊町,わどまりちょう,wadomarichou,wadomarityou
465348,鹿児島県知名町,ちなちょう,chinachou,tinatyou
465356,鹿児島県与論町,よろんちょう,yoronchou,yorontyou
472018,沖縄県那覇市,なはし,nahashi,nahasi
472051,沖縄県宜野湾市,ぎのわんし,ginowanshi,ginowansi
472077,沖縄県石垣市,いしがきし,ishigakishi,isigakisi
472085,沖縄県浦添市,うらそえし,urasoeshi,urasoesi
472093,沖縄県名護市,なごし,nagoshi,nagosi
472107,沖縄県糸満市,いとまんし,itomanshi,itomansi
472115,沖縄県沖縄市,おきなわし,okinawashi,okinawasi
472123,沖縄県豊見城市,とみぐすくし,tomigusukushi,tomigusukusi
472131,沖縄県うるま市,うるまし,urumashi,urumasi
472140,沖縄県宮古島市,みやこじまし,miyakojimashi,miyakozimasi
472158,沖縄県南城市,なんじょうし,nanjoushi,nanzyousi
473014,沖縄県国頭村,くにがみそん,kunigamison,kunigamison
473022,沖縄県大宜味村,おおぎみそん,oogimison,oogimison
473031,沖縄県東村,ひがしそん,higashison,higasison
473065,沖縄県今帰仁村,なきじんそん,nakijinson,nakizinson
473081,沖縄県本部町,もとぶちょう,motobuchou,motobutyou
473111,沖縄県恩納村,おんなそん,onnason,onnason
473138,沖縄県宜野座村,ぎのざそん,ginozason,ginozason
473146,沖縄県金武町,きんちょう,kinchou,kintyou
473154,沖縄県伊江村,いえそん,ieson,ieson
473243,沖縄県読谷村,よみたんそん,yomitanson,yomitanson
473251,沖縄県嘉手納町,かでなちょう,kadenachou,kadenatyou
473260,沖縄県北谷町,ちやたんちょう,chiyatanchou,tiyatantyou
473278,沖縄県北中城村,きたなかぐすくそん,kitanakagusukuson,kitanakagusukuson
473286,沖縄県中城村,なかぐすくそん,nakagusukuson,nakagusukuson
473294,沖縄県西原町,にしはらちょう,nishiharachou,nisiharatyou
473481,沖縄県与那原町,よなばるちょう,yonabaruchou,yonabarutyou
473502,沖縄県南風原町,はえばるちょう,haebaruchou,haebarutyou
473537,沖縄県渡嘉敷村,とかしきそん,tokashikison,tokasikison
473545,沖縄県座間味村,ざまみそん,zamamison,zamamison
473553,沖縄県粟国村,あぐにそん,agunison,agunison
473561,沖縄県渡名喜村,となきそん,tonakison,tonakison
473570,沖縄県南大東村,みなみだいとうそん,minamidaitouson,minamidaitouson
473588,沖縄県北大東村,きただいとうそん,kitadaitouson,kitadaitouson
473596,沖縄県伊平屋村,いへやそん,iheyason,iheyason
473600,沖縄県伊是名村,いぜなそん,izenason,izenason
473618,沖縄県久米島町,くめじまちょう,kumejimachou,kumezimatyou
473626,沖縄県八重瀬町,やえせちょう,yaesechou,yaesetyou
473758,沖縄県多良間村,たらまそん,taramason,taramason
473812,沖縄県竹富町,たけとみちょう,taketomichou,taketomityou
473821,沖縄県与那国町,よなぐにちょう,yonagunichou,yonagunityou
